2025-12-21T17:33:43.820+01:00  INFO 33744 --- [demo] [main] be.vinci.ipl.cae.demo.DemoApplication    : Starting DemoApplication using Java 21.0.9 with PID 33744 (C:\Users\Moham\Desktop\cae-group-03-main\api\target\classes started by Moham in C:\Users\Moham\Desktop\cae-group-03-main)
2025-12-21T17:33:43.822+01:00  INFO 33744 --- [demo] [main] be.vinci.ipl.cae.demo.DemoApplication    : No active profile set, falling back to 1 default profile: "default"
2025-12-21T17:33:43.822+01:00 DEBUG 33744 --- [demo] [main] o.s.boot.SpringApplication               : Loading source class be.vinci.ipl.cae.demo.DemoApplication
2025-12-21T17:33:43.865+01:00 DEBUG 33744 --- [demo] [main] ConfigServletWebServerApplicationContext : Refreshing org.springframework.boot.web.servlet.context.AnnotationConfigServletWebServerApplicationContext@294a6b8e
2025-12-21T17:33:44.647+01:00  INFO 33744 --- [demo] [main] .s.d.r.c.RepositoryConfigurationDelegate : Bootstrapping Spring Data JPA repositories in DEFAULT mode.
2025-12-21T17:33:44.662+01:00 DEBUG 33744 --- [demo] [main] o.s.b.a.AutoConfigurationPackages        : @EnableAutoConfiguration was declared on a class in the package 'be.vinci.ipl.cae.demo'. Automatic @Repository and @Entity scanning is enabled.
2025-12-21T17:33:44.816+01:00  INFO 33744 --- [demo] [main] .s.d.r.c.RepositoryConfigurationDelegate : Finished Spring Data repository scanning in 160 ms. Found 14 JPA repository interfaces.
2025-12-21T17:33:45.722+01:00 DEBUG 33744 --- [demo] [main] .s.b.w.e.t.TomcatServletWebServerFactory : Code archive: C:\Users\Moham\.m2\repository\org\springframework\boot\spring-boot\3.3.4\spring-boot-3.3.4.jar
2025-12-21T17:33:45.722+01:00 DEBUG 33744 --- [demo] [main] .s.b.w.e.t.TomcatServletWebServerFactory : Code archive: C:\Users\Moham\.m2\repository\org\springframework\boot\spring-boot\3.3.4\spring-boot-3.3.4.jar
2025-12-21T17:33:45.729+01:00 DEBUG 33744 --- [demo] [main] .s.b.w.e.t.TomcatServletWebServerFactory : None of the document roots [src/main/webapp, public, static] point to a directory and will be ignored.
2025-12-21T17:33:45.778+01:00  INFO 33744 --- [demo] [main] o.s.b.w.embedded.tomcat.TomcatWebServer  : Tomcat initialized with port 3000 (http)
2025-12-21T17:33:45.801+01:00  INFO 33744 --- [demo] [main] o.apache.catalina.core.StandardService   : Starting service [Tomcat]
2025-12-21T17:33:45.802+01:00  INFO 33744 --- [demo] [main] o.apache.catalina.core.StandardEngine    : Starting Servlet engine: [Apache Tomcat/10.1.30]
2025-12-21T17:33:45.890+01:00  INFO 33744 --- [demo] [main] o.a.c.c.C.[Tomcat].[localhost].[/]       : Initializing Spring embedded WebApplicationContext
2025-12-21T17:33:45.890+01:00 DEBUG 33744 --- [demo] [main] w.s.c.ServletWebServerApplicationContext : Published root WebApplicationContext as ServletContext attribute with name [org.springframework.web.context.WebApplicationContext.ROOT]
2025-12-21T17:33:45.890+01:00  INFO 33744 --- [demo] [main] w.s.c.ServletWebServerApplicationContext : Root WebApplicationContext: initialization completed in 2025 ms
2025-12-21T17:33:46.054+01:00  INFO 33744 --- [demo] [main] com.zaxxer.hikari.HikariDataSource       : HikariPool-1 - Starting...
2025-12-21T17:33:46.249+01:00  INFO 33744 --- [demo] [main] com.zaxxer.hikari.pool.HikariPool        : HikariPool-1 - Added connection org.postgresql.jdbc.PgConnection@73bb573d
2025-12-21T17:33:46.251+01:00  INFO 33744 --- [demo] [main] com.zaxxer.hikari.HikariDataSource       : HikariPool-1 - Start completed.
2025-12-21T17:33:46.295+01:00  INFO 33744 --- [demo] [main] o.hibernate.jpa.internal.util.LogHelper  : HHH000204: Processing PersistenceUnitInfo [name: default]
2025-12-21T17:33:46.386+01:00  INFO 33744 --- [demo] [main] org.hibernate.Version                    : HHH000412: Hibernate ORM core version 6.5.3.Final
2025-12-21T17:33:46.485+01:00  INFO 33744 --- [demo] [main] o.h.c.internal.RegionFactoryInitiator    : HHH000026: Second-level cache disabled
2025-12-21T17:33:46.823+01:00  INFO 33744 --- [demo] [main] o.s.o.j.p.SpringPersistenceUnitInfo      : No LoadTimeWeaver setup: ignoring JPA class transformer
2025-12-21T17:33:47.712+01:00  INFO 33744 --- [demo] [main] o.h.e.t.j.p.i.JtaPlatformInitiator       : HHH000489: No JTA platform available (set 'hibernate.transaction.jta.platform' to enable JTA platform integration)
2025-12-21T17:33:47.759+01:00 DEBUG 33744 --- [demo] [main] org.hibernate.SQL                        : 
    create table addresses (
        id_address bigint generated by default as identity,
        box varchar(255),
        city varchar(255) not null,
        number varchar(255) not null,
        postal_code integer not null,
        street varchar(255) not null,
        country_id_country bigint,
        primary key (id_address)
    )
2025-12-21T17:33:47.767+01:00 DEBUG 33744 --- [demo] [main] org.hibernate.SQL                        : 
    create table batches (
        id_batch bigint generated by default as identity,
        image_location varchar(255),
        price_per_unit float4 not null,
        quantity integer not null,
        receipt_date timestamp(6) not null,
        rejection_reason varchar(255),
        removed_quantity integer not null,
        reserved_quantity integer not null,
        sold_quantity integer not null,
        status varchar(255) not null,
        producer_id_user bigint,
        product_id_product bigint,
        primary key (id_batch)
    )
2025-12-21T17:33:47.772+01:00 DEBUG 33744 --- [demo] [main] org.hibernate.SQL                        : 
    create table cart (
        id bigint generated by default as identity,
        quantity integer not null,
        batch_id_batch bigint,
        user_id_user bigint,
        primary key (id)
    )
2025-12-21T17:33:47.776+01:00 DEBUG 33744 --- [demo] [main] org.hibernate.SQL                        : 
    create table countries (
        id_country bigint generated by default as identity,
        name varchar(255) not null,
        primary key (id_country)
    )
2025-12-21T17:33:47.781+01:00 DEBUG 33744 --- [demo] [main] org.hibernate.SQL                        : 
    create table free_sales (
        id_free_sale bigint generated by default as identity,
        primary key (id_free_sale)
    )
2025-12-21T17:33:47.786+01:00 DEBUG 33744 --- [demo] [main] org.hibernate.SQL                        : 
    create table free_sales_lines (
        id_free_sale_line bigint generated by default as identity,
        quantity integer not null,
        batch_id_batch bigint,
        free_sale_id_free_sale bigint,
        primary key (id_free_sale_line)
    )
2025-12-21T17:33:47.791+01:00 DEBUG 33744 --- [demo] [main] org.hibernate.SQL                        : 
    create table notifications (
        id_notification bigint generated by default as identity,
        date date not null,
        message varchar(255) not null,
        read boolean not null,
        reason_of_reject varchar(255),
        batch_id_batch bigint,
        producer_id_user bigint,
        primary key (id_notification)
    )
2025-12-21T17:33:47.797+01:00 DEBUG 33744 --- [demo] [main] org.hibernate.SQL                        : 
    create table pictures (
        id_picture bigint generated by default as identity,
        address varchar(255),
        product_id_product bigint,
        primary key (id_picture)
    )
2025-12-21T17:33:47.801+01:00 DEBUG 33744 --- [demo] [main] org.hibernate.SQL                        : 
    create table product_types (
        id_product_type bigint generated by default as identity,
        libelle varchar(255) not null,
        primary key (id_product_type)
    )
2025-12-21T17:33:47.806+01:00 DEBUG 33744 --- [demo] [main] org.hibernate.SQL                        : 
    create table products (
        id_product bigint generated by default as identity,
        description varchar(255) not null,
        name varchar(255) not null,
        product_type_id_product_type bigint,
        unit_id_unit bigint,
        primary key (id_product)
    )
2025-12-21T17:33:47.812+01:00 DEBUG 33744 --- [demo] [main] org.hibernate.SQL                        : 
    create table reservation_lines (
        id_reservation_line bigint generated by default as identity,
        quantity integer not null,
        batch_id_batch bigint,
        reservation_id_reservation bigint,
        primary key (id_reservation_line)
    )
2025-12-21T17:33:47.817+01:00 DEBUG 33744 --- [demo] [main] org.hibernate.SQL                        : 
    create table reservations (
        id_reservation bigint generated by default as identity,
        recovery_date timestamp(6),
        status varchar(255),
        user_id_user bigint,
        primary key (id_reservation)
    )
2025-12-21T17:33:47.821+01:00 DEBUG 33744 --- [demo] [main] org.hibernate.SQL                        : 
    create table units (
        id_unit bigint generated by default as identity,
        name varchar(255) not null,
        primary key (id_unit)
    )
2025-12-21T17:33:47.826+01:00 DEBUG 33744 --- [demo] [main] org.hibernate.SQL                        : 
    create table users (
        id_user bigint generated by default as identity,
        company varchar(255),
        email varchar(255) not null,
        first_name varchar(255) not null,
        honorific varchar(255) not null,
        last_name varchar(255) not null,
        password varchar(255) not null,
        phone_number varchar(255) not null,
        register_date date not null,
        role varchar(255) not null,
        address_id_address bigint,
        primary key (id_user)
    )
2025-12-21T17:33:47.833+01:00 DEBUG 33744 --- [demo] [main] org.hibernate.SQL                        : 
    alter table if exists notifications 
       drop constraint if exists UKaqn2ndr5kn8t43yw3c8xso3yk
2025-12-21T17:33:47.838+01:00  WARN 33744 --- [demo] [main] o.h.engine.jdbc.spi.SqlExceptionHelper   : SQL Warning Code: 0, SQLState: 00000
2025-12-21T17:33:47.838+01:00  WARN 33744 --- [demo] [main] o.h.engine.jdbc.spi.SqlExceptionHelper   : constraint "ukaqn2ndr5kn8t43yw3c8xso3yk" of relation "notifications" does not exist, skipping
2025-12-21T17:33:47.839+01:00 DEBUG 33744 --- [demo] [main] org.hibernate.SQL                        : 
    alter table if exists notifications 
       add constraint UKaqn2ndr5kn8t43yw3c8xso3yk unique (batch_id_batch)
2025-12-21T17:33:47.843+01:00 DEBUG 33744 --- [demo] [main] org.hibernate.SQL                        : 
    alter table if exists product_types 
       drop constraint if exists UKmf2n28engcdh3ten5e1c6his9
2025-12-21T17:33:47.847+01:00  WARN 33744 --- [demo] [main] o.h.engine.jdbc.spi.SqlExceptionHelper   : SQL Warning Code: 0, SQLState: 00000
2025-12-21T17:33:47.847+01:00  WARN 33744 --- [demo] [main] o.h.engine.jdbc.spi.SqlExceptionHelper   : constraint "ukmf2n28engcdh3ten5e1c6his9" of relation "product_types" does not exist, skipping
2025-12-21T17:33:47.847+01:00 DEBUG 33744 --- [demo] [main] org.hibernate.SQL                        : 
    alter table if exists product_types 
       add constraint UKmf2n28engcdh3ten5e1c6his9 unique (libelle)
2025-12-21T17:33:47.852+01:00 DEBUG 33744 --- [demo] [main] org.hibernate.SQL                        : 
    alter table if exists products 
       drop constraint if exists UKo61fmio5yukmmiqgnxf8pnavn
2025-12-21T17:33:47.856+01:00  WARN 33744 --- [demo] [main] o.h.engine.jdbc.spi.SqlExceptionHelper   : SQL Warning Code: 0, SQLState: 00000
2025-12-21T17:33:47.856+01:00  WARN 33744 --- [demo] [main] o.h.engine.jdbc.spi.SqlExceptionHelper   : constraint "uko61fmio5yukmmiqgnxf8pnavn" of relation "products" does not exist, skipping
2025-12-21T17:33:47.856+01:00 DEBUG 33744 --- [demo] [main] org.hibernate.SQL                        : 
    alter table if exists products 
       add constraint UKo61fmio5yukmmiqgnxf8pnavn unique (name)
2025-12-21T17:33:47.860+01:00 DEBUG 33744 --- [demo] [main] org.hibernate.SQL                        : 
    alter table if exists units 
       drop constraint if exists UKetw07nfppovq9p7ov8hcb38wy
2025-12-21T17:33:47.863+01:00  WARN 33744 --- [demo] [main] o.h.engine.jdbc.spi.SqlExceptionHelper   : SQL Warning Code: 0, SQLState: 00000
2025-12-21T17:33:47.864+01:00  WARN 33744 --- [demo] [main] o.h.engine.jdbc.spi.SqlExceptionHelper   : constraint "uketw07nfppovq9p7ov8hcb38wy" of relation "units" does not exist, skipping
2025-12-21T17:33:47.864+01:00 DEBUG 33744 --- [demo] [main] org.hibernate.SQL                        : 
    alter table if exists units 
       add constraint UKetw07nfppovq9p7ov8hcb38wy unique (name)
2025-12-21T17:33:47.867+01:00 DEBUG 33744 --- [demo] [main] org.hibernate.SQL                        : 
    alter table if exists users 
       drop constraint if exists UK6dotkott2kjsp8vw4d0m25fb7
2025-12-21T17:33:47.871+01:00  WARN 33744 --- [demo] [main] o.h.engine.jdbc.spi.SqlExceptionHelper   : SQL Warning Code: 0, SQLState: 00000
2025-12-21T17:33:47.871+01:00  WARN 33744 --- [demo] [main] o.h.engine.jdbc.spi.SqlExceptionHelper   : constraint "uk6dotkott2kjsp8vw4d0m25fb7" of relation "users" does not exist, skipping
2025-12-21T17:33:47.871+01:00 DEBUG 33744 --- [demo] [main] org.hibernate.SQL                        : 
    alter table if exists users 
       add constraint UK6dotkott2kjsp8vw4d0m25fb7 unique (email)
2025-12-21T17:33:47.875+01:00 DEBUG 33744 --- [demo] [main] org.hibernate.SQL                        : 
    alter table if exists addresses 
       add constraint FKmeaytdc7r2n0awmi3wk656tk0 
       foreign key (country_id_country) 
       references countries
2025-12-21T17:33:47.880+01:00 DEBUG 33744 --- [demo] [main] org.hibernate.SQL                        : 
    alter table if exists batches 
       add constraint FK4xlnphjssb60j2bykg6r8er0o 
       foreign key (producer_id_user) 
       references users
2025-12-21T17:33:47.884+01:00 DEBUG 33744 --- [demo] [main] org.hibernate.SQL                        : 
    alter table if exists batches 
       add constraint FKnl0hfa95qhdqaq3j24rvvl7rm 
       foreign key (product_id_product) 
       references products
2025-12-21T17:33:47.888+01:00 DEBUG 33744 --- [demo] [main] org.hibernate.SQL                        : 
    alter table if exists cart 
       add constraint FKlin8ik2bcd7drxtiwghkx3mgc 
       foreign key (batch_id_batch) 
       references batches
2025-12-21T17:33:47.892+01:00 DEBUG 33744 --- [demo] [main] org.hibernate.SQL                        : 
    alter table if exists cart 
       add constraint FKap9n8b4n3qayrqkh79upvf961 
       foreign key (user_id_user) 
       references users
2025-12-21T17:33:47.897+01:00 DEBUG 33744 --- [demo] [main] org.hibernate.SQL                        : 
    alter table if exists free_sales_lines 
       add constraint FKe41y4nhus79u14k9r2m80063c 
       foreign key (batch_id_batch) 
       references batches
2025-12-21T17:33:47.901+01:00 DEBUG 33744 --- [demo] [main] org.hibernate.SQL                        : 
    alter table if exists free_sales_lines 
       add constraint FK95jj6gfbbgbunwyt7xr1wu9kc 
       foreign key (free_sale_id_free_sale) 
       references free_sales
2025-12-21T17:33:47.905+01:00 DEBUG 33744 --- [demo] [main] org.hibernate.SQL                        : 
    alter table if exists notifications 
       add constraint FK2y2b1vdor69dwfna482njme7r 
       foreign key (batch_id_batch) 
       references batches
2025-12-21T17:33:47.909+01:00 DEBUG 33744 --- [demo] [main] org.hibernate.SQL                        : 
    alter table if exists notifications 
       add constraint FKpyttf6haata035aw415uj0mly 
       foreign key (producer_id_user) 
       references users
2025-12-21T17:33:47.913+01:00 DEBUG 33744 --- [demo] [main] org.hibernate.SQL                        : 
    alter table if exists pictures 
       add constraint FKi0k633qu5ys13m15r6qkw9v2m 
       foreign key (product_id_product) 
       references products
2025-12-21T17:33:47.917+01:00 DEBUG 33744 --- [demo] [main] org.hibernate.SQL                        : 
    alter table if exists products 
       add constraint FKgylbp1afqiuxsji7yq62xbaoa 
       foreign key (product_type_id_product_type) 
       references product_types
2025-12-21T17:33:47.921+01:00 DEBUG 33744 --- [demo] [main] org.hibernate.SQL                        : 
    alter table if exists products 
       add constraint FKc1kpcp2e2cw775ssjfeuotwmv 
       foreign key (unit_id_unit) 
       references units
2025-12-21T17:33:47.926+01:00 DEBUG 33744 --- [demo] [main] org.hibernate.SQL                        : 
    alter table if exists reservation_lines 
       add constraint FKn7ivp2kach5c1khgqfxqi7i5g 
       foreign key (batch_id_batch) 
       references batches
2025-12-21T17:33:47.930+01:00 DEBUG 33744 --- [demo] [main] org.hibernate.SQL                        : 
    alter table if exists reservation_lines 
       add constraint FKpigrtk07u6y6odqlfpo1uv0kc 
       foreign key (reservation_id_reservation) 
       references reservations
2025-12-21T17:33:47.935+01:00 DEBUG 33744 --- [demo] [main] org.hibernate.SQL                        : 
    alter table if exists reservations 
       add constraint FKjnu0htxt85pc3765cu9n8s1yq 
       foreign key (user_id_user) 
       references users
2025-12-21T17:33:47.939+01:00 DEBUG 33744 --- [demo] [main] org.hibernate.SQL                        : 
    alter table if exists users 
       add constraint FKt5b896thsu4ob62qomheddkk1 
       foreign key (address_id_address) 
       references addresses
2025-12-21T17:33:47.945+01:00  INFO 33744 --- [demo] [main] j.LocalContainerEntityManagerFactoryBean : Initialized JPA EntityManagerFactory for persistence unit 'default'
2025-12-21T17:33:48.172+01:00  INFO 33744 --- [demo] [main] o.s.d.j.r.query.QueryEnhancerFactory     : Hibernate is in classpath; If applicable, HQL parser will be used.
2025-12-21T17:33:48.526+01:00 ERROR 33744 --- [demo] [main] o.s.b.web.embedded.tomcat.TomcatStarter  : Error starting Tomcat context. Exception: org.springframework.beans.factory.UnsatisfiedDependencyException. Message: Error creating bean with name 'jwtAuthenticationFilter' defined in file [C:\Users\Moham\Desktop\cae-group-03-main\api\target\classes\be\vinci\ipl\cae\demo\configuration\JwtAuthenticationFilter.class]: Unsatisfied dependency expressed through constructor parameter 0: Error creating bean with name 'userService': Injection of autowired dependencies failed
2025-12-21T17:33:48.563+01:00  INFO 33744 --- [demo] [main] o.apache.catalina.core.StandardService   : Stopping service [Tomcat]
2025-12-21T17:33:48.565+01:00  WARN 33744 --- [demo] [main] o.a.c.loader.WebappClassLoaderBase       : The web application [ROOT] appears to have started a thread named [HikariPool-1 housekeeper] but has failed to stop it. This is very likely to create a memory leak. Stack trace of thread:
 java.base/jdk.internal.misc.Unsafe.park(Native Method)
 java.base/java.util.concurrent.locks.LockSupport.parkNanos(LockSupport.java:269)
 java.base/java.util.concurrent.locks.AbstractQueuedSynchronizer$ConditionObject.awaitNanos(AbstractQueuedSynchronizer.java:1797)
 java.base/java.util.concurrent.ScheduledThreadPoolExecutor$DelayedWorkQueue.take(ScheduledThreadPoolExecutor.java:1182)
 java.base/java.util.concurrent.ScheduledThreadPoolExecutor$DelayedWorkQueue.take(ScheduledThreadPoolExecutor.java:899)
 java.base/java.util.concurrent.ThreadPoolExecutor.getTask(ThreadPoolExecutor.java:1070)
 java.base/java.util.concurrent.ThreadPoolExecutor.runWorker(ThreadPoolExecutor.java:1130)
 java.base/java.util.concurrent.ThreadPoolExecutor$Worker.run(ThreadPoolExecutor.java:642)
 java.base/java.lang.Thread.run(Thread.java:1583)
2025-12-21T17:33:48.565+01:00  WARN 33744 --- [demo] [main] o.a.c.loader.WebappClassLoaderBase       : The web application [ROOT] appears to have started a thread named [HikariPool-1 connection adder] but has failed to stop it. This is very likely to create a memory leak. Stack trace of thread:
 java.base/jdk.internal.misc.Unsafe.park(Native Method)
 java.base/java.util.concurrent.locks.LockSupport.parkNanos(LockSupport.java:269)
 java.base/java.util.concurrent.locks.AbstractQueuedSynchronizer$ConditionObject.awaitNanos(AbstractQueuedSynchronizer.java:1797)
 java.base/java.util.concurrent.LinkedBlockingQueue.poll(LinkedBlockingQueue.java:460)
 java.base/java.util.concurrent.ThreadPoolExecutor.getTask(ThreadPoolExecutor.java:1069)
 java.base/java.util.concurrent.ThreadPoolExecutor.runWorker(ThreadPoolExecutor.java:1130)
 java.base/java.util.concurrent.ThreadPoolExecutor$Worker.run(ThreadPoolExecutor.java:642)
 java.base/java.lang.Thread.run(Thread.java:1583)
2025-12-21T17:33:48.565+01:00  WARN 33744 --- [demo] [main] ConfigServletWebServerApplicationContext : Exception encountered during context initialization - cancelling refresh attempt: org.springframework.context.ApplicationContextException: Unable to start web server
2025-12-21T17:33:48.565+01:00  INFO 33744 --- [demo] [main] j.LocalContainerEntityManagerFactoryBean : Closing JPA EntityManagerFactory for persistence unit 'default'
2025-12-21T17:33:48.570+01:00  INFO 33744 --- [demo] [main] com.zaxxer.hikari.HikariDataSource       : HikariPool-1 - Shutdown initiated...
2025-12-21T17:33:48.574+01:00  INFO 33744 --- [demo] [main] com.zaxxer.hikari.HikariDataSource       : HikariPool-1 - Shutdown completed.
2025-12-21T17:33:48.597+01:00 DEBUG 33744 --- [demo] [main] .s.b.a.l.ConditionEvaluationReportLogger : 


============================
CONDITIONS EVALUATION REPORT
============================


Positive matches:
-----------------

   AopAutoConfiguration matched:
      - @ConditionalOnProperty (spring.aop.auto=true) matched (OnPropertyCondition)

   AopAutoConfiguration.AspectJAutoProxyingConfiguration matched:
      - @ConditionalOnClass found required class 'org.aspectj.weaver.Advice' (OnClassCondition)

   AopAutoConfiguration.AspectJAutoProxyingConfiguration.CglibAutoProxyConfiguration matched:
      - @ConditionalOnProperty (spring.aop.proxy-target-class=true) matched (OnPropertyCondition)

   ApplicationAvailabilityAutoConfiguration#applicationAvailability matched:
      - @ConditionalOnMissingBean (types: org.springframework.boot.availability.ApplicationAvailability; SearchStrategy: all) did not find any beans (OnBeanCondition)

   DataSourceAutoConfiguration matched:
      - @ConditionalOnClass found required classes 'javax.sql.DataSource', 'org.springframework.jdbc.datasource.embedded.EmbeddedDatabaseType' (OnClassCondition)
      - @ConditionalOnMissingBean (types: io.r2dbc.spi.ConnectionFactory; SearchStrategy: all) did not find any beans (OnBeanCondition)

   DataSourceAutoConfiguration.PooledDataSourceConfiguration matched:
      - AnyNestedCondition 1 matched 1 did not; NestedCondition on DataSourceAutoConfiguration.PooledDataSourceCondition.PooledDataSourceAvailable PooledDataSource found supported DataSource; NestedCondition on DataSourceAutoConfiguration.PooledDataSourceCondition.ExplicitType @ConditionalOnProperty (spring.datasource.type) did not find property 'type' (DataSourceAutoConfiguration.PooledDataSourceCondition)
      - @ConditionalOnMissingBean (types: javax.sql.DataSource,javax.sql.XADataSource; SearchStrategy: all) did not find any beans (OnBeanCondition)

   DataSourceAutoConfiguration.PooledDataSourceConfiguration#jdbcConnectionDetails matched:
      - @ConditionalOnMissingBean (types: org.springframework.boot.autoconfigure.jdbc.JdbcConnectionDetails; SearchStrategy: all) did not find any beans (OnBeanCondition)

   DataSourceConfiguration.Hikari matched:
      - @ConditionalOnClass found required class 'com.zaxxer.hikari.HikariDataSource' (OnClassCondition)
      - @ConditionalOnProperty (spring.datasource.type=com.zaxxer.hikari.HikariDataSource) matched (OnPropertyCondition)
      - @ConditionalOnMissingBean (types: javax.sql.DataSource; SearchStrategy: all) did not find any beans (OnBeanCondition)

   DataSourceInitializationConfiguration matched:
      - @ConditionalOnClass found required class 'org.springframework.jdbc.datasource.init.DatabasePopulator' (OnClassCondition)
      - @ConditionalOnSingleCandidate (types: javax.sql.DataSource; SearchStrategy: all) found a single bean 'dataSource'; @ConditionalOnMissingBean (types: org.springframework.boot.autoconfigure.sql.init.SqlDataSourceScriptDatabaseInitializer,org.springframework.boot.autoconfigure.sql.init.SqlR2dbcScriptDatabaseInitializer; SearchStrategy: all) did not find any beans (OnBeanCondition)

   DataSourceJmxConfiguration matched:
      - @ConditionalOnProperty (spring.jmx.enabled=true) matched (OnPropertyCondition)

   DataSourceJmxConfiguration.Hikari matched:
      - @ConditionalOnClass found required class 'com.zaxxer.hikari.HikariDataSource' (OnClassCondition)
      - @ConditionalOnSingleCandidate (types: javax.sql.DataSource; SearchStrategy: all) found a single bean 'dataSource' (OnBeanCondition)

   DataSourcePoolMetadataProvidersConfiguration.HikariPoolDataSourceMetadataProviderConfiguration matched:
      - @ConditionalOnClass found required class 'com.zaxxer.hikari.HikariDataSource' (OnClassCondition)

   DataSourceTransactionManagerAutoConfiguration matched:
      - @ConditionalOnClass found required classes 'javax.sql.DataSource', 'org.springframework.jdbc.core.JdbcTemplate', 'org.springframework.transaction.TransactionManager' (OnClassCondition)

   DataSourceTransactionManagerAutoConfiguration.JdbcTransactionManagerConfiguration matched:
      - @ConditionalOnSingleCandidate (types: javax.sql.DataSource; SearchStrategy: all) found a single bean 'dataSource' (OnBeanCondition)

   DispatcherServletAutoConfiguration matched:
      - @ConditionalOnClass found required class 'org.springframework.web.servlet.DispatcherServlet' (OnClassCondition)
      - found 'session' scope (OnWebApplicationCondition)

   DispatcherServletAutoConfiguration.DispatcherServletConfiguration matched:
      - @ConditionalOnClass found required class 'jakarta.servlet.ServletRegistration' (OnClassCondition)
      - Default DispatcherServlet did not find dispatcher servlet beans (DispatcherServletAutoConfiguration.DefaultDispatcherServletCondition)

   DispatcherServletAutoConfiguration.DispatcherServletRegistrationConfiguration matched:
      - @ConditionalOnClass found required class 'jakarta.servlet.ServletRegistration' (OnClassCondition)
      - DispatcherServlet Registration did not find servlet registration bean (DispatcherServletAutoConfiguration.DispatcherServletRegistrationCondition)

   DispatcherServletAutoConfiguration.DispatcherServletRegistrationConfiguration#dispatcherServletRegistration matched:
      - @ConditionalOnBean (names: dispatcherServlet types: org.springframework.web.servlet.DispatcherServlet; SearchStrategy: all) found bean 'dispatcherServlet' (OnBeanCondition)

   EmbeddedWebServerFactoryCustomizerAutoConfiguration matched:
      - @ConditionalOnWebApplication (required) found 'session' scope (OnWebApplicationCondition)
      - @ConditionalOnWarDeployment the application is not deployed as a WAR file. (OnWarDeploymentCondition)

   EmbeddedWebServerFactoryCustomizerAutoConfiguration.NettyWebServerFactoryCustomizerConfiguration matched:
      - @ConditionalOnClass found required class 'reactor.netty.http.server.HttpServer' (OnClassCondition)

   EmbeddedWebServerFactoryCustomizerAutoConfiguration.TomcatWebServerFactoryCustomizerConfiguration matched:
      - @ConditionalOnClass found required classes 'org.apache.catalina.startup.Tomcat', 'org.apache.coyote.UpgradeProtocol' (OnClassCondition)

   ErrorMvcAutoConfiguration matched:
      - @ConditionalOnClass found required classes 'jakarta.servlet.Servlet', 'org.springframework.web.servlet.DispatcherServlet' (OnClassCondition)
      - found 'session' scope (OnWebApplicationCondition)

   ErrorMvcAutoConfiguration#basicErrorController matched:
      - @ConditionalOnMissingBean (types: org.springframework.boot.web.servlet.error.ErrorController; SearchStrategy: current) did not find any beans (OnBeanCondition)

   ErrorMvcAutoConfiguration#errorAttributes matched:
      - @ConditionalOnMissingBean (types: org.springframework.boot.web.servlet.error.ErrorAttributes; SearchStrategy: current) did not find any beans (OnBeanCondition)

   ErrorMvcAutoConfiguration.DefaultErrorViewResolverConfiguration#conventionErrorViewResolver matched:
      - @ConditionalOnBean (types: org.springframework.web.servlet.DispatcherServlet; SearchStrategy: all) found bean 'dispatcherServlet'; @ConditionalOnMissingBean (types: org.springframework.boot.autoconfigure.web.servlet.error.ErrorViewResolver; SearchStrategy: all) did not find any beans (OnBeanCondition)

   ErrorMvcAutoConfiguration.WhitelabelErrorViewConfiguration matched:
      - @ConditionalOnProperty (server.error.whitelabel.enabled) matched (OnPropertyCondition)
      - ErrorTemplate Missing did not find error template view (ErrorMvcAutoConfiguration.ErrorTemplateMissingCondition)

   ErrorMvcAutoConfiguration.WhitelabelErrorViewConfiguration#beanNameViewResolver matched:
      - @ConditionalOnMissingBean (types: org.springframework.web.servlet.view.BeanNameViewResolver; SearchStrategy: all) did not find any beans (OnBeanCondition)

   ErrorMvcAutoConfiguration.WhitelabelErrorViewConfiguration#defaultErrorView matched:
      - @ConditionalOnMissingBean (names: error; SearchStrategy: all) did not find any beans (OnBeanCondition)

   GenericCacheConfiguration matched:
      - Cache org.springframework.boot.autoconfigure.cache.GenericCacheConfiguration automatic cache type (CacheCondition)

   HibernateJpaAutoConfiguration matched:
      - @ConditionalOnClass found required classes 'org.springframework.orm.jpa.LocalContainerEntityManagerFactoryBean', 'jakarta.persistence.EntityManager', 'org.hibernate.engine.spi.SessionImplementor' (OnClassCondition)

   HibernateJpaConfiguration matched:
      - @ConditionalOnSingleCandidate (types: javax.sql.DataSource; SearchStrategy: all) found a single bean 'dataSource' (OnBeanCondition)

   HttpEncodingAutoConfiguration matched:
      - @ConditionalOnClass found required class 'org.springframework.web.filter.CharacterEncodingFilter' (OnClassCondition)
      - found 'session' scope (OnWebApplicationCondition)
      - @ConditionalOnProperty (server.servlet.encoding.enabled) matched (OnPropertyCondition)

   HttpEncodingAutoConfiguration#characterEncodingFilter matched:
      - @ConditionalOnMissingBean (types: org.springframework.web.filter.CharacterEncodingFilter; SearchStrategy: all) did not find any beans (OnBeanCondition)

   HttpMessageConvertersAutoConfiguration matched:
      - @ConditionalOnClass found required class 'org.springframework.http.converter.HttpMessageConverter' (OnClassCondition)
      - NoneNestedConditions 0 matched 1 did not; NestedCondition on HttpMessageConvertersAutoConfiguration.NotReactiveWebApplicationCondition.ReactiveWebApplication did not find reactive web application classes (HttpMessageConvertersAutoConfiguration.NotReactiveWebApplicationCondition)

   HttpMessageConvertersAutoConfiguration#messageConverters matched:
      - @ConditionalOnMissingBean (types: org.springframework.boot.autoconfigure.http.HttpMessageConverters; SearchStrategy: all) did not find any beans (OnBeanCondition)

   HttpMessageConvertersAutoConfiguration.StringHttpMessageConverterConfiguration matched:
      - @ConditionalOnClass found required class 'org.springframework.http.converter.StringHttpMessageConverter' (OnClassCondition)

   HttpMessageConvertersAutoConfiguration.StringHttpMessageConverterConfiguration#stringHttpMessageConverter matched:
      - @ConditionalOnMissingBean (types: org.springframework.http.converter.StringHttpMessageConverter; SearchStrategy: all) did not find any beans (OnBeanCondition)

   JacksonAutoConfiguration matched:
      - @ConditionalOnClass found required class 'com.fasterxml.jackson.databind.ObjectMapper' (OnClassCondition)

   JacksonAutoConfiguration.Jackson2ObjectMapperBuilderCustomizerConfiguration matched:
      - @ConditionalOnClass found required class 'org.springframework.http.converter.json.Jackson2ObjectMapperBuilder' (OnClassCondition)

   JacksonAutoConfiguration.JacksonObjectMapperBuilderConfiguration matched:
      - @ConditionalOnClass found required class 'org.springframework.http.converter.json.Jackson2ObjectMapperBuilder' (OnClassCondition)

   JacksonAutoConfiguration.JacksonObjectMapperBuilderConfiguration#jacksonObjectMapperBuilder matched:
      - @ConditionalOnMissingBean (types: org.springframework.http.converter.json.Jackson2ObjectMapperBuilder; SearchStrategy: all) did not find any beans (OnBeanCondition)

   JacksonAutoConfiguration.JacksonObjectMapperConfiguration matched:
      - @ConditionalOnClass found required class 'org.springframework.http.converter.json.Jackson2ObjectMapperBuilder' (OnClassCondition)

   JacksonAutoConfiguration.JacksonObjectMapperConfiguration#jacksonObjectMapper matched:
      - @ConditionalOnMissingBean (types: com.fasterxml.jackson.databind.ObjectMapper; SearchStrategy: all) did not find any beans (OnBeanCondition)

   JacksonAutoConfiguration.ParameterNamesModuleConfiguration matched:
      - @ConditionalOnClass found required class 'com.fasterxml.jackson.module.paramnames.ParameterNamesModule' (OnClassCondition)

   JacksonAutoConfiguration.ParameterNamesModuleConfiguration#parameterNamesModule matched:
      - @ConditionalOnMissingBean (types: com.fasterxml.jackson.module.paramnames.ParameterNamesModule; SearchStrategy: all) did not find any beans (OnBeanCondition)

   JacksonHttpMessageConvertersConfiguration.MappingJackson2HttpMessageConverterConfiguration matched:
      - @ConditionalOnClass found required class 'com.fasterxml.jackson.databind.ObjectMapper' (OnClassCondition)
      - @ConditionalOnProperty (spring.mvc.converters.preferred-json-mapper=jackson) matched (OnPropertyCondition)
      - @ConditionalOnBean (types: com.fasterxml.jackson.databind.ObjectMapper; SearchStrategy: all) found bean 'jacksonObjectMapper' (OnBeanCondition)

   JacksonHttpMessageConvertersConfiguration.MappingJackson2HttpMessageConverterConfiguration#mappingJackson2HttpMessageConverter matched:
      - @ConditionalOnMissingBean (types: org.springframework.http.converter.json.MappingJackson2HttpMessageConverter ignored: org.springframework.hateoas.server.mvc.TypeConstrainedMappingJackson2HttpMessageConverter,org.springframework.data.rest.webmvc.alps.AlpsJsonHttpMessageConverter; SearchStrategy: all) did not find any beans (OnBeanCondition)

   JacksonHttpMessageConvertersConfiguration.MappingJackson2XmlHttpMessageConverterConfiguration matched:
      - @ConditionalOnClass found required class 'com.fasterxml.jackson.dataformat.xml.XmlMapper' (OnClassCondition)
      - @ConditionalOnBean (types: org.springframework.http.converter.json.Jackson2ObjectMapperBuilder; SearchStrategy: all) found bean 'jacksonObjectMapperBuilder' (OnBeanCondition)

   JacksonHttpMessageConvertersConfiguration.MappingJackson2XmlHttpMessageConverterConfiguration#mappingJackson2XmlHttpMessageConverter matched:
      - @ConditionalOnMissingBean (types: org.springframework.http.converter.xml.MappingJackson2XmlHttpMessageConverter; SearchStrategy: all) did not find any beans (OnBeanCondition)

   JdbcClientAutoConfiguration matched:
      - @ConditionalOnSingleCandidate (types: org.springframework.jdbc.core.namedparam.NamedParameterJdbcTemplate; SearchStrategy: all) found a single bean 'namedParameterJdbcTemplate'; @ConditionalOnMissingBean (types: org.springframework.jdbc.core.simple.JdbcClient; SearchStrategy: all) did not find any beans (OnBeanCondition)

   JdbcTemplateAutoConfiguration matched:
      - @ConditionalOnClass found required classes 'javax.sql.DataSource', 'org.springframework.jdbc.core.JdbcTemplate' (OnClassCondition)
      - @ConditionalOnSingleCandidate (types: javax.sql.DataSource; SearchStrategy: all) found a single bean 'dataSource' (OnBeanCondition)

   JdbcTemplateConfiguration matched:
      - @ConditionalOnMissingBean (types: org.springframework.jdbc.core.JdbcOperations; SearchStrategy: all) did not find any beans (OnBeanCondition)

   JpaBaseConfiguration#entityManagerFactory matched:
      - @ConditionalOnMissingBean (types: org.springframework.orm.jpa.LocalContainerEntityManagerFactoryBean,jakarta.persistence.EntityManagerFactory; SearchStrategy: all) did not find any beans (OnBeanCondition)

   JpaBaseConfiguration#entityManagerFactoryBuilder matched:
      - @ConditionalOnMissingBean (types: org.springframework.boot.orm.jpa.EntityManagerFactoryBuilder; SearchStrategy: all) did not find any beans (OnBeanCondition)

   JpaBaseConfiguration#jpaVendorAdapter matched:
      - @ConditionalOnMissingBean (types: org.springframework.orm.jpa.JpaVendorAdapter; SearchStrategy: all) did not find any beans (OnBeanCondition)

   JpaBaseConfiguration#transactionManager matched:
      - @ConditionalOnMissingBean (types: org.springframework.transaction.TransactionManager; SearchStrategy: all) did not find any beans (OnBeanCondition)

   JpaBaseConfiguration.JpaWebConfiguration matched:
      - @ConditionalOnClass found required class 'org.springframework.web.servlet.config.annotation.WebMvcConfigurer' (OnClassCondition)
      - found 'session' scope (OnWebApplicationCondition)
      - @ConditionalOnProperty (spring.jpa.open-in-view=true) matched (OnPropertyCondition)
      - @ConditionalOnMissingBean (types: org.springframework.orm.jpa.support.OpenEntityManagerInViewInterceptor,org.springframework.orm.jpa.support.OpenEntityManagerInViewFilter; SearchStrategy: all) did not find any beans (OnBeanCondition)

   JpaBaseConfiguration.PersistenceManagedTypesConfiguration matched:
      - @ConditionalOnMissingBean (types: org.springframework.orm.jpa.LocalContainerEntityManagerFactoryBean,jakarta.persistence.EntityManagerFactory; SearchStrategy: all) did not find any beans (OnBeanCondition)

   JpaBaseConfiguration.PersistenceManagedTypesConfiguration#persistenceManagedTypes matched:
      - @ConditionalOnMissingBean (types: org.springframework.orm.jpa.persistenceunit.PersistenceManagedTypes; SearchStrategy: all) did not find any beans (OnBeanCondition)

   JpaRepositoriesAutoConfiguration matched:
      - @ConditionalOnClass found required class 'org.springframework.data.jpa.repository.JpaRepository' (OnClassCondition)
      - @ConditionalOnProperty (spring.data.jpa.repositories.enabled=true) matched (OnPropertyCondition)
      - @ConditionalOnBean (types: javax.sql.DataSource; SearchStrategy: all) found bean 'dataSource'; @ConditionalOnMissingBean (types: org.springframework.data.jpa.repository.support.JpaRepositoryFactoryBean,org.springframework.data.jpa.repository.config.JpaRepositoryConfigExtension; SearchStrategy: all) did not find any beans (OnBeanCondition)

   JtaAutoConfiguration matched:
      - @ConditionalOnClass found required class 'jakarta.transaction.Transaction' (OnClassCondition)
      - @ConditionalOnProperty (spring.jta.enabled) matched (OnPropertyCondition)

   LifecycleAutoConfiguration#defaultLifecycleProcessor matched:
      - @ConditionalOnMissingBean (names: lifecycleProcessor; SearchStrategy: current) did not find any beans (OnBeanCondition)

   MultipartAutoConfiguration matched:
      - @ConditionalOnClass found required classes 'jakarta.servlet.Servlet', 'org.springframework.web.multipart.support.StandardServletMultipartResolver', 'jakarta.servlet.MultipartConfigElement' (OnClassCondition)
      - found 'session' scope (OnWebApplicationCondition)
      - @ConditionalOnProperty (spring.servlet.multipart.enabled) matched (OnPropertyCondition)

   MultipartAutoConfiguration#multipartConfigElement matched:
      - @ConditionalOnMissingBean (types: jakarta.servlet.MultipartConfigElement; SearchStrategy: all) did not find any beans (OnBeanCondition)

   MultipartAutoConfiguration#multipartResolver matched:
      - @ConditionalOnMissingBean (types: org.springframework.web.multipart.MultipartResolver; SearchStrategy: all) did not find any beans (OnBeanCondition)

   NamedParameterJdbcTemplateConfiguration matched:
      - @ConditionalOnSingleCandidate (types: org.springframework.jdbc.core.JdbcTemplate; SearchStrategy: all) found a single bean 'jdbcTemplate'; @ConditionalOnMissingBean (types: org.springframework.jdbc.core.namedparam.NamedParameterJdbcOperations; SearchStrategy: all) did not find any beans (OnBeanCondition)

   NettyAutoConfiguration matched:
      - @ConditionalOnClass found required class 'io.netty.util.NettyRuntime' (OnClassCondition)

   NoOpCacheConfiguration matched:
      - Cache org.springframework.boot.autoconfigure.cache.NoOpCacheConfiguration automatic cache type (CacheCondition)

   PersistenceExceptionTranslationAutoConfiguration matched:
      - @ConditionalOnClass found required class 'org.springframework.dao.annotation.PersistenceExceptionTranslationPostProcessor' (OnClassCondition)

   PersistenceExceptionTranslationAutoConfiguration#persistenceExceptionTranslationPostProcessor matched:
      - @ConditionalOnProperty (spring.dao.exceptiontranslation.enabled) matched (OnPropertyCondition)
      - @ConditionalOnMissingBean (types: org.springframework.dao.annotation.PersistenceExceptionTranslationPostProcessor; SearchStrategy: all) did not find any beans (OnBeanCondition)

   PropertyPlaceholderAutoConfiguration#propertySourcesPlaceholderConfigurer matched:
      - @ConditionalOnMissingBean (types: org.springframework.context.support.PropertySourcesPlaceholderConfigurer; SearchStrategy: current) did not find any beans (OnBeanCondition)

   ReactorAutoConfiguration matched:
      - @ConditionalOnClass found required class 'reactor.core.publisher.Hooks' (OnClassCondition)

   RestClientAutoConfiguration matched:
      - @ConditionalOnClass found required class 'org.springframework.web.client.RestClient' (OnClassCondition)
      - NoneNestedConditions 0 matched 1 did not; NestedCondition on NotReactiveWebApplicationCondition.ReactiveWebApplication did not find reactive web application classes (NotReactiveWebApplicationCondition)

   RestClientAutoConfiguration#httpMessageConvertersRestClientCustomizer matched:
      - @ConditionalOnMissingBean (types: org.springframework.boot.autoconfigure.web.client.HttpMessageConvertersRestClientCustomizer; SearchStrategy: all) did not find any beans (OnBeanCondition)

   RestClientAutoConfiguration#restClientBuilder matched:
      - @ConditionalOnMissingBean (types: org.springframework.web.client.RestClient$Builder; SearchStrategy: all) did not find any beans (OnBeanCondition)

   RestClientAutoConfiguration#restClientBuilderConfigurer matched:
      - @ConditionalOnMissingBean (types: org.springframework.boot.autoconfigure.web.client.RestClientBuilderConfigurer; SearchStrategy: all) did not find any beans (OnBeanCondition)

   RestClientAutoConfiguration#restClientSsl matched:
      - @ConditionalOnBean (types: org.springframework.boot.ssl.SslBundles; SearchStrategy: all) found bean 'sslBundleRegistry'; @ConditionalOnMissingBean (types: org.springframework.boot.autoconfigure.web.client.RestClientSsl; SearchStrategy: all) did not find any beans (OnBeanCondition)

   RestTemplateAutoConfiguration matched:
      - @ConditionalOnClass found required class 'org.springframework.web.client.RestTemplate' (OnClassCondition)
      - NoneNestedConditions 0 matched 1 did not; NestedCondition on NotReactiveWebApplicationCondition.ReactiveWebApplication did not find reactive web application classes (NotReactiveWebApplicationCondition)

   RestTemplateAutoConfiguration#restTemplateBuilder matched:
      - @ConditionalOnMissingBean (types: org.springframework.boot.web.client.RestTemplateBuilder; SearchStrategy: all) did not find any beans (OnBeanCondition)

   SecurityAutoConfiguration matched:
      - @ConditionalOnClass found required class 'org.springframework.security.authentication.DefaultAuthenticationEventPublisher' (OnClassCondition)

   SecurityAutoConfiguration#authenticationEventPublisher matched:
      - @ConditionalOnMissingBean (types: org.springframework.security.authentication.AuthenticationEventPublisher; SearchStrategy: all) did not find any beans (OnBeanCondition)

   SecurityFilterAutoConfiguration matched:
      - @ConditionalOnClass found required classes 'org.springframework.security.web.context.AbstractSecurityWebApplicationInitializer', 'org.springframework.security.config.http.SessionCreationPolicy' (OnClassCondition)
      - found 'session' scope (OnWebApplicationCondition)

   SecurityFilterAutoConfiguration#securityFilterChainRegistration matched:
      - @ConditionalOnBean (names: springSecurityFilterChain; SearchStrategy: all) found bean 'springSecurityFilterChain' (OnBeanCondition)

   ServletWebServerFactoryAutoConfiguration matched:
      - @ConditionalOnClass found required class 'jakarta.servlet.ServletRequest' (OnClassCondition)
      - found 'session' scope (OnWebApplicationCondition)

   ServletWebServerFactoryAutoConfiguration#tomcatServletWebServerFactoryCustomizer matched:
      - @ConditionalOnClass found required class 'org.apache.catalina.startup.Tomcat' (OnClassCondition)

   ServletWebServerFactoryConfiguration.EmbeddedTomcat matched:
      - @ConditionalOnClass found required classes 'jakarta.servlet.Servlet', 'org.apache.catalina.startup.Tomcat', 'org.apache.coyote.UpgradeProtocol' (OnClassCondition)
      - @ConditionalOnMissingBean (types: org.springframework.boot.web.servlet.server.ServletWebServerFactory; SearchStrategy: current) did not find any beans (OnBeanCondition)

   SimpleCacheConfiguration matched:
      - Cache org.springframework.boot.autoconfigure.cache.SimpleCacheConfiguration automatic cache type (CacheCondition)

   SpringBootWebSecurityConfiguration matched:
      - found 'session' scope (OnWebApplicationCondition)

   SpringDataWebAutoConfiguration matched:
      - @ConditionalOnClass found required classes 'org.springframework.data.web.PageableHandlerMethodArgumentResolver', 'org.springframework.web.servlet.config.annotation.WebMvcConfigurer' (OnClassCondition)
      - found 'session' scope (OnWebApplicationCondition)
      - @ConditionalOnMissingBean (types: org.springframework.data.web.PageableHandlerMethodArgumentResolver; SearchStrategy: all) did not find any beans (OnBeanCondition)

   SpringDataWebAutoConfiguration#pageableCustomizer matched:
      - @ConditionalOnMissingBean (types: org.springframework.data.web.config.PageableHandlerMethodArgumentResolverCustomizer; SearchStrategy: all) did not find any beans (OnBeanCondition)

   SpringDataWebAutoConfiguration#sortCustomizer matched:
      - @ConditionalOnMissingBean (types: org.springframework.data.web.config.SortHandlerMethodArgumentResolverCustomizer; SearchStrategy: all) did not find any beans (OnBeanCondition)

   SpringDocConfigProperties matched:
      - @ConditionalOnProperty (springdoc.api-docs.enabled) matched (OnPropertyCondition)
      - @ConditionalOnBean (types: org.springdoc.core.configuration.SpringDocConfiguration; SearchStrategy: all) found bean 'org.springdoc.core.configuration.SpringDocConfiguration' (OnBeanCondition)

   SpringDocConfiguration matched:
      - @ConditionalOnWebApplication (required) found 'session' scope (OnWebApplicationCondition)
      - @ConditionalOnProperty (springdoc.api-docs.enabled) matched (OnPropertyCondition)

   SpringDocConfiguration#fileSupportConverter matched:
      - @ConditionalOnMissingBean (types: org.springdoc.core.converters.FileSupportConverter; SearchStrategy: all) did not find any beans (OnBeanCondition)

   SpringDocConfiguration#openAPIBuilder matched:
      - @ConditionalOnMissingBean (types: org.springdoc.core.service.OpenAPIService; SearchStrategy: all) did not find any beans (OnBeanCondition)

   SpringDocConfiguration#operationBuilder matched:
      - @ConditionalOnMissingBean (types: org.springdoc.core.service.OperationService; SearchStrategy: all) did not find any beans (OnBeanCondition)

   SpringDocConfiguration#parameterBuilder matched:
      - @ConditionalOnMissingBean (types: org.springdoc.core.service.GenericParameterService; SearchStrategy: all) did not find any beans (OnBeanCondition)

   SpringDocConfiguration#polymorphicModelConverter matched:
      - @ConditionalOnProperty (springdoc.model-converters.polymorphic-converter.enabled) matched (OnPropertyCondition)
      - @ConditionalOnMissingBean (types: org.springdoc.core.converters.PolymorphicModelConverter; SearchStrategy: all) did not find any beans (OnBeanCondition)

   SpringDocConfiguration#requestBodyBuilder matched:
      - @ConditionalOnMissingBean (types: org.springdoc.core.service.RequestBodyService; SearchStrategy: all) did not find any beans (OnBeanCondition)

   SpringDocConfiguration#responseSupportConverter matched:
      - @ConditionalOnMissingBean (types: org.springdoc.core.converters.ResponseSupportConverter; SearchStrategy: all) did not find any beans (OnBeanCondition)

   SpringDocConfiguration#schemaPropertyDeprecatingConverter matched:
      - @ConditionalOnProperty (springdoc.model-converters.deprecating-converter.enabled) matched (OnPropertyCondition)
      - @ConditionalOnMissingBean (types: org.springdoc.core.converters.SchemaPropertyDeprecatingConverter; SearchStrategy: all) did not find any beans (OnBeanCondition)

   SpringDocConfiguration#securityParser matched:
      - @ConditionalOnMissingBean (types: org.springdoc.core.service.SecurityService; SearchStrategy: all) did not find any beans (OnBeanCondition)

   SpringDocConfiguration#springDocCustomizers matched:
      - @ConditionalOnMissingBean (types: org.springdoc.core.customizers.SpringDocCustomizers; SearchStrategy: all) did not find any beans (OnBeanCondition)

   SpringDocConfiguration#springDocProviders matched:
      - @ConditionalOnMissingBean (types: org.springdoc.core.providers.SpringDocProviders; SearchStrategy: all) did not find any beans (OnBeanCondition)

   SpringDocConfiguration#springdocObjectMapperProvider matched:
      - @ConditionalOnMissingBean (types: org.springdoc.core.providers.ObjectMapperProvider; SearchStrategy: all) did not find any beans (OnBeanCondition)

   SpringDocConfiguration.QuerydslProvider matched:
      - @ConditionalOnClass found required class 'org.springframework.data.querydsl.binding.QuerydslBindingsFactory' (OnClassCondition)

   SpringDocConfiguration.QuerydslProvider#queryDslQuerydslPredicateOperationCustomizer matched:
      - @ConditionalOnMissingBean (types: org.springdoc.core.customizers.QuerydslPredicateOperationCustomizer; SearchStrategy: all) did not find any beans (OnBeanCondition)

   SpringDocConfiguration.SpringDocSpringDataWebPropertiesProvider matched:
      - @ConditionalOnClass found required class 'org.springframework.boot.autoconfigure.data.web.SpringDataWebProperties' (OnClassCondition)

   SpringDocConfiguration.SpringDocSpringDataWebPropertiesProvider#springDataWebPropertiesProvider matched:
      - @ConditionalOnMissingBean (types: org.springdoc.core.providers.SpringDataWebPropertiesProvider; SearchStrategy: all) did not find any beans (OnBeanCondition)

   SpringDocConfiguration.SpringDocWebFluxSupportConfiguration matched:
      - @ConditionalOnClass found required class 'reactor.core.publisher.Flux' (OnClassCondition)

   SpringDocConfiguration.SpringDocWebFluxSupportConfiguration#webFluxSupportConverter matched:
      - @ConditionalOnMissingBean (types: org.springdoc.core.converters.WebFluxSupportConverter; SearchStrategy: all) did not find any beans (OnBeanCondition)

   SpringDocConfiguration.WebConversionServiceConfiguration matched:
      - @ConditionalOnClass found required class 'org.springframework.boot.autoconfigure.web.format.WebConversionService' (OnClassCondition)

   SpringDocPageableConfiguration matched:
      - @ConditionalOnClass found required class 'org.springframework.data.domain.Pageable' (OnClassCondition)
      - @ConditionalOnWebApplication (required) found 'session' scope (OnWebApplicationCondition)
      - @ConditionalOnProperty (springdoc.api-docs.enabled) matched (OnPropertyCondition)
      - @ConditionalOnBean (types: org.springdoc.core.configuration.SpringDocConfiguration; SearchStrategy: all) found bean 'org.springdoc.core.configuration.SpringDocConfiguration' (OnBeanCondition)

   SpringDocPageableConfiguration#delegatingMethodParameterCustomizer matched:
      - @ConditionalOnMissingBean (types: org.springdoc.core.customizers.DelegatingMethodParameterCustomizer; SearchStrategy: all) did not find any beans (OnBeanCondition)

   SpringDocPageableConfiguration#pageableOpenAPIConverter matched:
      - @ConditionalOnProperty (springdoc.model-converters.pageable-converter.enabled) matched (OnPropertyCondition)
      - @ConditionalOnMissingBean (types: org.springdoc.core.converters.PageableOpenAPIConverter; SearchStrategy: all) did not find any beans (OnBeanCondition)

   SpringDocSecurityConfiguration matched:
      - @ConditionalOnClass found required class 'org.springframework.security.web.SecurityFilterChain' (OnClassCondition)
      - @ConditionalOnWebApplication (required) found 'session' scope (OnWebApplicationCondition)
      - @ConditionalOnExpression (#{${springdoc.api-docs.enabled:true} and ${springdoc.enable-spring-security:true}}) resulted in true (OnExpressionCondition)
      - @ConditionalOnBean (types: org.springdoc.core.configuration.SpringDocConfiguration; SearchStrategy: all) found bean 'org.springdoc.core.configuration.SpringDocConfiguration' (OnBeanCondition)

   SpringDocSecurityConfiguration.SpringSecurityLoginEndpointConfiguration matched:
      - @ConditionalOnClass found required class 'jakarta.servlet.Filter' (OnClassCondition)

   SpringDocSortConfiguration matched:
      - @ConditionalOnClass found required class 'org.springframework.data.domain.Sort' (OnClassCondition)
      - @ConditionalOnWebApplication (required) found 'session' scope (OnWebApplicationCondition)
      - @ConditionalOnProperty (springdoc.api-docs.enabled) matched (OnPropertyCondition)
      - @ConditionalOnBean (types: org.springdoc.core.configuration.SpringDocConfiguration; SearchStrategy: all) found bean 'org.springdoc.core.configuration.SpringDocConfiguration' (OnBeanCondition)

   SpringDocSortConfiguration#sortOpenAPIConverter matched:
      - @ConditionalOnProperty (springdoc.model-converters.sort-converter.enabled) matched (OnPropertyCondition)
      - @ConditionalOnMissingBean (types: org.springdoc.core.converters.SortOpenAPIConverter; SearchStrategy: all) did not find any beans (OnBeanCondition)

   SpringDocUIConfiguration matched:
      - @ConditionalOnWebApplication (required) found 'session' scope (OnWebApplicationCondition)
      - @ConditionalOnBean (types: org.springdoc.core.configuration.SpringDocConfiguration; SearchStrategy: all) found bean 'org.springdoc.core.configuration.SpringDocConfiguration' (OnBeanCondition)

   SpringDocWebMvcConfiguration matched:
      - found 'session' scope (OnWebApplicationCondition)
      - @ConditionalOnProperty (springdoc.api-docs.enabled) matched (OnPropertyCondition)
      - @ConditionalOnBean (types: org.springdoc.core.configuration.SpringDocConfiguration; SearchStrategy: all) found bean 'org.springdoc.core.configuration.SpringDocConfiguration' (OnBeanCondition)

   SpringDocWebMvcConfiguration#openApiResource matched:
      - @ConditionalOnProperty (springdoc.use-management-port=false) matched (OnPropertyCondition)
      - @ConditionalOnMissingBean (types: org.springdoc.webmvc.api.OpenApiWebMvcResource; SearchStrategy: all) did not find any beans (OnBeanCondition)

   SpringDocWebMvcConfiguration#requestBuilder matched:
      - @ConditionalOnMissingBean (types: org.springdoc.webmvc.core.service.RequestService; SearchStrategy: all) did not find any beans (OnBeanCondition)

   SpringDocWebMvcConfiguration#responseBuilder matched:
      - @ConditionalOnMissingBean (types: org.springdoc.core.service.GenericResponseService; SearchStrategy: all) did not find any beans (OnBeanCondition)

   SpringDocWebMvcConfiguration#springWebProvider matched:
      - @ConditionalOnMissingBean (types: org.springdoc.core.providers.SpringWebProvider; SearchStrategy: all) did not find any beans (OnBeanCondition)

   SpringDocWebMvcConfiguration.SpringDocWebMvcRouterConfiguration matched:
      - @ConditionalOnClass found required class 'org.springframework.web.servlet.function.RouterFunction' (OnClassCondition)

   SpringDocWebMvcConfiguration.SpringDocWebMvcRouterConfiguration#routerFunctionProvider matched:
      - @ConditionalOnMissingBean (types: org.springdoc.webmvc.core.providers.RouterFunctionWebMvcProvider; SearchStrategy: all) did not find any beans (OnBeanCondition)

   SqlInitializationAutoConfiguration matched:
      - @ConditionalOnProperty (spring.sql.init.enabled) matched (OnPropertyCondition)
      - NoneNestedConditions 0 matched 1 did not; NestedCondition on SqlInitializationAutoConfiguration.SqlInitializationModeCondition.ModeIsNever @ConditionalOnProperty (spring.sql.init.mode=never) found different value in property 'mode' (SqlInitializationAutoConfiguration.SqlInitializationModeCondition)

   SslAutoConfiguration#sslBundleRegistry matched:
      - @ConditionalOnMissingBean (types: org.springframework.boot.ssl.SslBundleRegistry,org.springframework.boot.ssl.SslBundles; SearchStrategy: all) did not find any beans (OnBeanCondition)

   SwaggerConfig matched:
      - found 'session' scope (OnWebApplicationCondition)
      - @ConditionalOnProperty (springdoc.swagger-ui.enabled) matched (OnPropertyCondition)
      - @ConditionalOnBean (types: org.springdoc.core.configuration.SpringDocConfiguration; SearchStrategy: all) found bean 'org.springdoc.core.configuration.SpringDocConfiguration' (OnBeanCondition)

   SwaggerConfig#indexPageTransformer matched:
      - @ConditionalOnMissingBean (types: org.springdoc.webmvc.ui.SwaggerIndexTransformer; SearchStrategy: all) did not find any beans (OnBeanCondition)

   SwaggerConfig#swaggerConfigResource matched:
      - @ConditionalOnProperty (springdoc.use-management-port=false) matched (OnPropertyCondition)
      - @ConditionalOnMissingBean (types: org.springdoc.webmvc.ui.SwaggerConfigResource; SearchStrategy: all) did not find any beans (OnBeanCondition)

   SwaggerConfig#swaggerResourceResolver matched:
      - @ConditionalOnMissingBean (types: org.springdoc.webmvc.ui.SwaggerResourceResolver; SearchStrategy: all) did not find any beans (OnBeanCondition)

   SwaggerConfig#swaggerWebMvcConfigurer matched:
      - @ConditionalOnMissingBean (types: org.springdoc.webmvc.ui.SwaggerWebMvcConfigurer; SearchStrategy: all) did not find any beans (OnBeanCondition)

   SwaggerConfig#swaggerWelcome matched:
      - @ConditionalOnProperty (springdoc.use-management-port=false) matched (OnPropertyCondition)
      - @ConditionalOnMissingBean (types: org.springdoc.webmvc.ui.SwaggerWelcomeWebMvc; SearchStrategy: all) did not find any beans (OnBeanCondition)

   SwaggerUiConfigParameters matched:
      - @ConditionalOnProperty (springdoc.swagger-ui.enabled) matched (OnPropertyCondition)
      - @ConditionalOnBean (types: org.springdoc.core.configuration.SpringDocConfiguration; SearchStrategy: all) found bean 'org.springdoc.core.configuration.SpringDocConfiguration' (OnBeanCondition)

   SwaggerUiConfigProperties matched:
      - @ConditionalOnProperty (springdoc.swagger-ui.enabled) matched (OnPropertyCondition)
      - @ConditionalOnBean (types: org.springdoc.core.configuration.SpringDocConfiguration; SearchStrategy: all) found bean 'org.springdoc.core.configuration.SpringDocConfiguration' (OnBeanCondition)

   SwaggerUiOAuthProperties matched:
      - @ConditionalOnProperty (springdoc.swagger-ui.enabled) matched (OnPropertyCondition)
      - @ConditionalOnBean (types: org.springdoc.core.configuration.SpringDocConfiguration; SearchStrategy: all) found bean 'org.springdoc.core.configuration.SpringDocConfiguration' (OnBeanCondition)

   TaskExecutionAutoConfiguration matched:
      - @ConditionalOnClass found required class 'org.springframework.scheduling.concurrent.ThreadPoolTaskExecutor' (OnClassCondition)

   TaskExecutorConfigurations.SimpleAsyncTaskExecutorBuilderConfiguration#simpleAsyncTaskExecutorBuilder matched:
      - @ConditionalOnMissingBean (types: org.springframework.boot.task.SimpleAsyncTaskExecutorBuilder; SearchStrategy: all) did not find any beans (OnBeanCondition)
      - @ConditionalOnThreading found PLATFORM (OnThreadingCondition)

   TaskExecutorConfigurations.TaskExecutorBuilderConfiguration#taskExecutorBuilder matched:
      - @ConditionalOnMissingBean (types: org.springframework.boot.task.TaskExecutorBuilder; SearchStrategy: all) did not find any beans (OnBeanCondition)

   TaskExecutorConfigurations.TaskExecutorConfiguration matched:
      - @ConditionalOnMissingBean (types: java.util.concurrent.Executor; SearchStrategy: all) did not find any beans (OnBeanCondition)

   TaskExecutorConfigurations.TaskExecutorConfiguration#applicationTaskExecutor matched:
      - @ConditionalOnThreading found PLATFORM (OnThreadingCondition)

   TaskExecutorConfigurations.ThreadPoolTaskExecutorBuilderConfiguration#threadPoolTaskExecutorBuilder matched:
      - @ConditionalOnMissingBean (types: org.springframework.boot.task.TaskExecutorBuilder,org.springframework.boot.task.ThreadPoolTaskExecutorBuilder; SearchStrategy: all) did not find any beans (OnBeanCondition)

   TaskSchedulingAutoConfiguration matched:
      - @ConditionalOnClass found required class 'org.springframework.scheduling.concurrent.ThreadPoolTaskScheduler' (OnClassCondition)

   TaskSchedulingConfigurations.SimpleAsyncTaskSchedulerBuilderConfiguration#simpleAsyncTaskSchedulerBuilder matched:
      - @ConditionalOnMissingBean (types: org.springframework.boot.task.SimpleAsyncTaskSchedulerBuilder; SearchStrategy: all) did not find any beans (OnBeanCondition)
      - @ConditionalOnThreading found PLATFORM (OnThreadingCondition)

   TaskSchedulingConfigurations.TaskSchedulerBuilderConfiguration#taskSchedulerBuilder matched:
      - @ConditionalOnMissingBean (types: org.springframework.boot.task.TaskSchedulerBuilder; SearchStrategy: all) did not find any beans (OnBeanCondition)

   TaskSchedulingConfigurations.ThreadPoolTaskSchedulerBuilderConfiguration#threadPoolTaskSchedulerBuilder matched:
      - @ConditionalOnMissingBean (types: org.springframework.boot.task.TaskSchedulerBuilder,org.springframework.boot.task.ThreadPoolTaskSchedulerBuilder; SearchStrategy: all) did not find any beans (OnBeanCondition)

   TransactionAutoConfiguration matched:
      - @ConditionalOnClass found required class 'org.springframework.transaction.PlatformTransactionManager' (OnClassCondition)

   TransactionAutoConfiguration.EnableTransactionManagementConfiguration matched:
      - @ConditionalOnBean (types: org.springframework.transaction.TransactionManager; SearchStrategy: all) found bean 'transactionManager'; @ConditionalOnMissingBean (types: org.springframework.transaction.annotation.AbstractTransactionManagementConfiguration; SearchStrategy: all) did not find any beans (OnBeanCondition)

   TransactionAutoConfiguration.EnableTransactionManagementConfiguration.CglibAutoProxyConfiguration matched:
      - @ConditionalOnProperty (spring.aop.proxy-target-class=true) matched (OnPropertyCondition)

   TransactionAutoConfiguration.TransactionTemplateConfiguration matched:
      - @ConditionalOnSingleCandidate (types: org.springframework.transaction.PlatformTransactionManager; SearchStrategy: all) found a single bean 'transactionManager' (OnBeanCondition)

   TransactionAutoConfiguration.TransactionTemplateConfiguration#transactionTemplate matched:
      - @ConditionalOnMissingBean (types: org.springframework.transaction.support.TransactionOperations; SearchStrategy: all) did not find any beans (OnBeanCondition)

   TransactionManagerCustomizationAutoConfiguration matched:
      - @ConditionalOnClass found required class 'org.springframework.transaction.PlatformTransactionManager' (OnClassCondition)

   TransactionManagerCustomizationAutoConfiguration#platformTransactionManagerCustomizers matched:
      - @ConditionalOnMissingBean (types: org.springframework.boot.autoconfigure.transaction.TransactionManagerCustomizers; SearchStrategy: all) did not find any beans (OnBeanCondition)

   UserDetailsServiceAutoConfiguration matched:
      - @ConditionalOnClass found required class 'org.springframework.security.authentication.AuthenticationManager' (OnClassCondition)
      - AnyNestedCondition 1 matched 2 did not; NestedCondition on UserDetailsServiceAutoConfiguration.MissingAlternativeOrUserPropertiesConfigured.PasswordConfigured @ConditionalOnProperty (spring.security.user.password) did not find property 'password'; NestedCondition on UserDetailsServiceAutoConfiguration.MissingAlternativeOrUserPropertiesConfigured.NameConfigured @ConditionalOnProperty (spring.security.user.name) did not find property 'name'; NestedCondition on UserDetailsServiceAutoConfiguration.MissingAlternativeOrUserPropertiesConfigured.MissingAlternative @ConditionalOnMissingClass did not find unwanted classes 'org.springframework.security.oauth2.client.registration.ClientRegistrationRepository', 'org.springframework.security.oauth2.server.resource.introspection.OpaqueTokenIntrospector', 'org.springframework.security.saml2.provider.service.registration.RelyingPartyRegistrationRepository' (UserDetailsServiceAutoConfiguration.MissingAlternativeOrUserPropertiesConfigured)
      - @ConditionalOnBean (types: org.springframework.security.config.annotation.ObjectPostProcessor; SearchStrategy: all) found bean 'objectPostProcessor'; @ConditionalOnMissingBean (types: org.springframework.security.authentication.AuthenticationManager,org.springframework.security.authentication.AuthenticationProvider,org.springframework.security.core.userdetails.UserDetailsService,org.springframework.security.authentication.AuthenticationManagerResolver,org.springframework.security.oauth2.jwt.JwtDecoder; SearchStrategy: all) did not find any beans (OnBeanCondition)

   WebMvcAutoConfiguration matched:
      - @ConditionalOnClass found required classes 'jakarta.servlet.Servlet', 'org.springframework.web.servlet.DispatcherServlet', 'org.springframework.web.servlet.config.annotation.WebMvcConfigurer' (OnClassCondition)
      - found 'session' scope (OnWebApplicationCondition)
      - @ConditionalOnMissingBean (types: org.springframework.web.servlet.config.annotation.WebMvcConfigurationSupport; SearchStrategy: all) did not find any beans (OnBeanCondition)

   WebMvcAutoConfiguration#formContentFilter matched:
      - @ConditionalOnProperty (spring.mvc.formcontent.filter.enabled) matched (OnPropertyCondition)
      - @ConditionalOnMissingBean (types: org.springframework.web.filter.FormContentFilter; SearchStrategy: all) did not find any beans (OnBeanCondition)

   WebMvcAutoConfiguration.EnableWebMvcConfiguration#flashMapManager matched:
      - @ConditionalOnMissingBean (names: flashMapManager; SearchStrategy: all) did not find any beans (OnBeanCondition)

   WebMvcAutoConfiguration.EnableWebMvcConfiguration#localeResolver matched:
      - @ConditionalOnMissingBean (names: localeResolver; SearchStrategy: all) did not find any beans (OnBeanCondition)

   WebMvcAutoConfiguration.EnableWebMvcConfiguration#themeResolver matched:
      - @ConditionalOnMissingBean (names: themeResolver; SearchStrategy: all) did not find any beans (OnBeanCondition)

   WebMvcAutoConfiguration.WebMvcAutoConfigurationAdapter#defaultViewResolver matched:
      - @ConditionalOnMissingBean (types: org.springframework.web.servlet.view.InternalResourceViewResolver; SearchStrategy: all) did not find any beans (OnBeanCondition)

   WebMvcAutoConfiguration.WebMvcAutoConfigurationAdapter#requestContextFilter matched:
      - @ConditionalOnMissingBean (types: org.springframework.web.context.request.RequestContextListener,org.springframework.web.filter.RequestContextFilter; SearchStrategy: all) did not find any beans (OnBeanCondition)

   WebMvcAutoConfiguration.WebMvcAutoConfigurationAdapter#viewResolver matched:
      - @ConditionalOnBean (types: org.springframework.web.servlet.ViewResolver; SearchStrategy: all) found beans 'defaultViewResolver', 'beanNameViewResolver', 'mvcViewResolver'; @ConditionalOnMissingBean (names: viewResolver types: org.springframework.web.servlet.view.ContentNegotiatingViewResolver; SearchStrategy: all) did not find any beans (OnBeanCondition)

   WebSocketServletAutoConfiguration matched:
      - @ConditionalOnClass found required classes 'jakarta.servlet.Servlet', 'jakarta.websocket.server.ServerContainer' (OnClassCondition)
      - found 'session' scope (OnWebApplicationCondition)

   WebSocketServletAutoConfiguration.TomcatWebSocketConfiguration matched:
      - @ConditionalOnClass found required classes 'org.apache.catalina.startup.Tomcat', 'org.apache.tomcat.websocket.server.WsSci' (OnClassCondition)

   WebSocketServletAutoConfiguration.TomcatWebSocketConfiguration#websocketServletWebServerCustomizer matched:
      - @ConditionalOnMissingBean (names: websocketServletWebServerCustomizer; SearchStrategy: all) did not find any beans (OnBeanCondition)


Negative matches:
-----------------

   ActiveMQAutoConfiguration:
      Did not match:
         - @ConditionalOnClass did not find required class 'jakarta.jms.ConnectionFactory' (OnClassCondition)

   AopAutoConfiguration.AspectJAutoProxyingConfiguration.JdkDynamicAutoProxyConfiguration:
      Did not match:
         - @ConditionalOnProperty (spring.aop.proxy-target-class=false) did not find property 'proxy-target-class' (OnPropertyCondition)

   AopAutoConfiguration.ClassProxyingConfiguration:
      Did not match:
         - @ConditionalOnMissingClass found unwanted class 'org.aspectj.weaver.Advice' (OnClassCondition)

   ArtemisAutoConfiguration:
      Did not match:
         - @ConditionalOnClass did not find required class 'jakarta.jms.ConnectionFactory' (OnClassCondition)

   BatchAutoConfiguration:
      Did not match:
         - @ConditionalOnClass did not find required class 'org.springframework.batch.core.launch.JobLauncher' (OnClassCondition)

   Cache2kCacheConfiguration:
      Did not match:
         - @ConditionalOnClass did not find required class 'org.cache2k.Cache2kBuilder' (OnClassCondition)

   CacheAutoConfiguration:
      Did not match:
         - @ConditionalOnBean (types: org.springframework.cache.interceptor.CacheAspectSupport; SearchStrategy: all) did not find any beans of type org.springframework.cache.interceptor.CacheAspectSupport (OnBeanCondition)
      Matched:
         - @ConditionalOnClass found required class 'org.springframework.cache.CacheManager' (OnClassCondition)

   CacheAutoConfiguration.CacheManagerEntityManagerFactoryDependsOnPostProcessor:
      Did not match:
         - Ancestor org.springframework.boot.autoconfigure.cache.CacheAutoConfiguration did not match (ConditionEvaluationReport.AncestorsMatchedCondition)
      Matched:
         - @ConditionalOnClass found required class 'org.springframework.orm.jpa.LocalContainerEntityManagerFactoryBean' (OnClassCondition)

   CaffeineCacheConfiguration:
      Did not match:
         - @ConditionalOnClass did not find required class 'com.github.benmanes.caffeine.cache.Caffeine' (OnClassCondition)

   CassandraAutoConfiguration:
      Did not match:
         - @ConditionalOnClass did not find required class 'com.datastax.oss.driver.api.core.CqlSession' (OnClassCondition)

   CassandraDataAutoConfiguration:
      Did not match:
         - @ConditionalOnClass did not find required class 'com.datastax.oss.driver.api.core.CqlSession' (OnClassCondition)

   CassandraReactiveDataAutoConfiguration:
      Did not match:
         - @ConditionalOnClass did not find required class 'com.datastax.oss.driver.api.core.CqlSession' (OnClassCondition)

   CassandraReactiveRepositoriesAutoConfiguration:
      Did not match:
         - @ConditionalOnClass did not find required class 'org.springframework.data.cassandra.ReactiveSession' (OnClassCondition)

   CassandraRepositoriesAutoConfiguration:
      Did not match:
         - @ConditionalOnClass did not find required class 'com.datastax.oss.driver.api.core.CqlSession' (OnClassCondition)

   ClientHttpConnectorAutoConfiguration:
      Did not match:
         - @ConditionalOnClass did not find required class 'org.springframework.web.reactive.function.client.WebClient' (OnClassCondition)

   CodecsAutoConfiguration:
      Did not match:
         - @ConditionalOnClass did not find required class 'org.springframework.web.reactive.function.client.WebClient' (OnClassCondition)

   CouchbaseAutoConfiguration:
      Did not match:
         - @ConditionalOnClass did not find required class 'com.couchbase.client.java.Cluster' (OnClassCondition)

   CouchbaseCacheConfiguration:
      Did not match:
         - @ConditionalOnClass did not find required class 'com.couchbase.client.java.Cluster' (OnClassCondition)

   CouchbaseDataAutoConfiguration:
      Did not match:
         - @ConditionalOnClass did not find required class 'com.couchbase.client.java.Bucket' (OnClassCondition)

   CouchbaseReactiveDataAutoConfiguration:
      Did not match:
         - @ConditionalOnClass did not find required class 'com.couchbase.client.java.Cluster' (OnClassCondition)

   CouchbaseReactiveRepositoriesAutoConfiguration:
      Did not match:
         - @ConditionalOnClass did not find required class 'com.couchbase.client.java.Cluster' (OnClassCondition)

   CouchbaseRepositoriesAutoConfiguration:
      Did not match:
         - @ConditionalOnClass did not find required class 'com.couchbase.client.java.Bucket' (OnClassCondition)

   DataSourceAutoConfiguration.EmbeddedDatabaseConfiguration:
      Did not match:
         - EmbeddedDataSource spring.datasource.url is set (DataSourceAutoConfiguration.EmbeddedDatabaseCondition)

   DataSourceCheckpointRestoreConfiguration:
      Did not match:
         - @ConditionalOnClass did not find required class 'org.crac.Resource' (OnClassCondition)

   DataSourceConfiguration.Dbcp2:
      Did not match:
         - @ConditionalOnClass did not find required class 'org.apache.commons.dbcp2.BasicDataSource' (OnClassCondition)

   DataSourceConfiguration.Generic:
      Did not match:
         - @ConditionalOnProperty (spring.datasource.type) did not find property 'spring.datasource.type' (OnPropertyCondition)

   DataSourceConfiguration.OracleUcp:
      Did not match:
         - @ConditionalOnClass did not find required classes 'oracle.ucp.jdbc.PoolDataSourceImpl', 'oracle.jdbc.OracleConnection' (OnClassCondition)

   DataSourceConfiguration.Tomcat:
      Did not match:
         - @ConditionalOnClass did not find required class 'org.apache.tomcat.jdbc.pool.DataSource' (OnClassCondition)

   DataSourceJmxConfiguration.TomcatDataSourceJmxConfiguration:
      Did not match:
         - @ConditionalOnClass did not find required class 'org.apache.tomcat.jdbc.pool.DataSourceProxy' (OnClassCondition)

   DataSourcePoolMetadataProvidersConfiguration.CommonsDbcp2PoolDataSourceMetadataProviderConfiguration:
      Did not match:
         - @ConditionalOnClass did not find required class 'org.apache.commons.dbcp2.BasicDataSource' (OnClassCondition)

   DataSourcePoolMetadataProvidersConfiguration.OracleUcpPoolDataSourceMetadataProviderConfiguration:
      Did not match:
         - @ConditionalOnClass did not find required classes 'oracle.ucp.jdbc.PoolDataSource', 'oracle.jdbc.OracleConnection' (OnClassCondition)

   DataSourcePoolMetadataProvidersConfiguration.TomcatDataSourcePoolMetadataProviderConfiguration:
      Did not match:
         - @ConditionalOnClass did not find required class 'org.apache.tomcat.jdbc.pool.DataSource' (OnClassCondition)

   DataSourceTransactionManagerAutoConfiguration.JdbcTransactionManagerConfiguration#transactionManager:
      Did not match:
         - @ConditionalOnMissingBean (types: org.springframework.transaction.TransactionManager; SearchStrategy: all) found beans of type 'org.springframework.transaction.TransactionManager' transactionManager (OnBeanCondition)

   DispatcherServletAutoConfiguration.DispatcherServletConfiguration#multipartResolver:
      Did not match:
         - @ConditionalOnBean (types: org.springframework.web.multipart.MultipartResolver; SearchStrategy: all) did not find any beans of type org.springframework.web.multipart.MultipartResolver (OnBeanCondition)

   ElasticsearchClientAutoConfiguration:
      Did not match:
         - @ConditionalOnClass did not find required class 'co.elastic.clients.elasticsearch.ElasticsearchClient' (OnClassCondition)

   ElasticsearchDataAutoConfiguration:
      Did not match:
         - @ConditionalOnClass did not find required class 'org.springframework.data.elasticsearch.client.elc.ElasticsearchTemplate' (OnClassCondition)

   ElasticsearchRepositoriesAutoConfiguration:
      Did not match:
         - @ConditionalOnClass did not find required class 'org.springframework.data.elasticsearch.repository.ElasticsearchRepository' (OnClassCondition)

   ElasticsearchRestClientAutoConfiguration:
      Did not match:
         - @ConditionalOnClass did not find required class 'org.elasticsearch.client.RestClientBuilder' (OnClassCondition)

   EmbeddedLdapAutoConfiguration:
      Did not match:
         - @ConditionalOnClass did not find required class 'com.unboundid.ldap.listener.InMemoryDirectoryServer' (OnClassCondition)

   EmbeddedWebServerFactoryCustomizerAutoConfiguration.JettyWebServerFactoryCustomizerConfiguration:
      Did not match:
         - @ConditionalOnClass did not find required classes 'org.eclipse.jetty.server.Server', 'org.eclipse.jetty.util.Loader', 'org.eclipse.jetty.ee10.webapp.WebAppContext' (OnClassCondition)

   EmbeddedWebServerFactoryCustomizerAutoConfiguration.TomcatWebServerFactoryCustomizerConfiguration#tomcatVirtualThreadsProtocolHandlerCustomizer:
      Did not match:
         - @ConditionalOnThreading did not find VIRTUAL (OnThreadingCondition)

   EmbeddedWebServerFactoryCustomizerAutoConfiguration.UndertowWebServerFactoryCustomizerConfiguration:
      Did not match:
         - @ConditionalOnClass did not find required classes 'io.undertow.Undertow', 'org.xnio.SslClientAuthMode' (OnClassCondition)

   ErrorWebFluxAutoConfiguration:
      Did not match:
         - @ConditionalOnClass did not find required class 'org.springframework.web.reactive.config.WebFluxConfigurer' (OnClassCondition)

   FlywayAutoConfiguration:
      Did not match:
         - @ConditionalOnClass did not find required class 'org.flywaydb.core.Flyway' (OnClassCondition)

   FreeMarkerAutoConfiguration:
      Did not match:
         - @ConditionalOnClass did not find required class 'freemarker.template.Configuration' (OnClassCondition)

   GraphQlAutoConfiguration:
      Did not match:
         - @ConditionalOnClass did not find required class 'graphql.GraphQL' (OnClassCondition)

   GraphQlQueryByExampleAutoConfiguration:
      Did not match:
         - @ConditionalOnClass did not find required class 'graphql.GraphQL' (OnClassCondition)

   GraphQlQuerydslAutoConfiguration:
      Did not match:
         - @ConditionalOnClass did not find required class 'com.querydsl.core.Query' (OnClassCondition)

   GraphQlRSocketAutoConfiguration:
      Did not match:
         - @ConditionalOnClass did not find required class 'graphql.GraphQL' (OnClassCondition)

   GraphQlReactiveQueryByExampleAutoConfiguration:
      Did not match:
         - @ConditionalOnClass did not find required class 'graphql.GraphQL' (OnClassCondition)

   GraphQlReactiveQuerydslAutoConfiguration:
      Did not match:
         - @ConditionalOnClass did not find required class 'com.querydsl.core.Query' (OnClassCondition)

   GraphQlWebFluxAutoConfiguration:
      Did not match:
         - @ConditionalOnClass did not find required class 'graphql.GraphQL' (OnClassCondition)

   GraphQlWebFluxSecurityAutoConfiguration:
      Did not match:
         - @ConditionalOnClass did not find required class 'graphql.GraphQL' (OnClassCondition)

   GraphQlWebMvcAutoConfiguration:
      Did not match:
         - @ConditionalOnClass did not find required class 'graphql.GraphQL' (OnClassCondition)

   GraphQlWebMvcSecurityAutoConfiguration:
      Did not match:
         - @ConditionalOnClass did not find required class 'graphql.GraphQL' (OnClassCondition)

   GroovyTemplateAutoConfiguration:
      Did not match:
         - @ConditionalOnClass did not find required class 'groovy.text.markup.MarkupTemplateEngine' (OnClassCondition)

   GsonAutoConfiguration:
      Did not match:
         - @ConditionalOnClass did not find required class 'com.google.gson.Gson' (OnClassCondition)

   GsonHttpMessageConvertersConfiguration:
      Did not match:
         - @ConditionalOnClass did not find required class 'com.google.gson.Gson' (OnClassCondition)

   H2ConsoleAutoConfiguration:
      Did not match:
         - @ConditionalOnClass did not find required class 'org.h2.server.web.JakartaWebServlet' (OnClassCondition)

   HazelcastAutoConfiguration:
      Did not match:
         - @ConditionalOnClass did not find required class 'com.hazelcast.core.HazelcastInstance' (OnClassCondition)

   HazelcastCacheConfiguration:
      Did not match:
         - @ConditionalOnClass did not find required class 'com.hazelcast.core.HazelcastInstance' (OnClassCondition)

   HazelcastJpaDependencyAutoConfiguration:
      Did not match:
         - @ConditionalOnClass did not find required class 'com.hazelcast.core.HazelcastInstance' (OnClassCondition)

   HttpHandlerAutoConfiguration:
      Did not match:
         - @ConditionalOnClass did not find required class 'org.springframework.web.reactive.DispatcherHandler' (OnClassCondition)

   HypermediaAutoConfiguration:
      Did not match:
         - @ConditionalOnClass did not find required class 'org.springframework.hateoas.EntityModel' (OnClassCondition)

   InfinispanCacheConfiguration:
      Did not match:
         - @ConditionalOnClass did not find required class 'org.infinispan.spring.embedded.provider.SpringEmbeddedCacheManager' (OnClassCondition)

   InfluxDbAutoConfiguration:
      Did not match:
         - @ConditionalOnClass did not find required class 'org.influxdb.InfluxDB' (OnClassCondition)

   IntegrationAutoConfiguration:
      Did not match:
         - @ConditionalOnClass did not find required class 'org.springframework.integration.config.EnableIntegration' (OnClassCondition)

   JCacheCacheConfiguration:
      Did not match:
         - @ConditionalOnClass did not find required class 'javax.cache.Caching' (OnClassCondition)

   JdbcRepositoriesAutoConfiguration:
      Did not match:
         - @ConditionalOnClass did not find required class 'org.springframework.data.jdbc.repository.config.AbstractJdbcConfiguration' (OnClassCondition)

   JerseyAutoConfiguration:
      Did not match:
         - @ConditionalOnClass did not find required class 'org.glassfish.jersey.server.spring.SpringComponentProvider' (OnClassCondition)

   JmsAutoConfiguration:
      Did not match:
         - @ConditionalOnClass did not find required class 'jakarta.jms.Message' (OnClassCondition)

   JmxAutoConfiguration:
      Did not match:
         - @ConditionalOnProperty (spring.jmx.enabled=true) did not find property 'enabled' (OnPropertyCondition)
      Matched:
         - @ConditionalOnClass found required class 'org.springframework.jmx.export.MBeanExporter' (OnClassCondition)

   JndiConnectionFactoryAutoConfiguration:
      Did not match:
         - @ConditionalOnClass did not find required class 'org.springframework.jms.core.JmsTemplate' (OnClassCondition)

   JndiDataSourceAutoConfiguration:
      Did not match:
         - @ConditionalOnProperty (spring.datasource.jndi-name) did not find property 'jndi-name' (OnPropertyCondition)
      Matched:
         - @ConditionalOnClass found required classes 'javax.sql.DataSource', 'org.springframework.jdbc.datasource.embedded.EmbeddedDatabaseType' (OnClassCondition)

   JndiJtaConfiguration:
      Did not match:
         - @ConditionalOnJndi JNDI environment is not available (OnJndiCondition)
      Matched:
         - @ConditionalOnClass found required class 'org.springframework.transaction.jta.JtaTransactionManager' (OnClassCondition)

   JooqAutoConfiguration:
      Did not match:
         - @ConditionalOnClass did not find required class 'org.jooq.DSLContext' (OnClassCondition)

   JpaRepositoriesAutoConfiguration#entityManagerFactoryBootstrapExecutorCustomizer:
      Did not match:
         - AnyNestedCondition 0 matched 2 did not; NestedCondition on JpaRepositoriesAutoConfiguration.BootstrapExecutorCondition.LazyBootstrapMode @ConditionalOnProperty (spring.data.jpa.repositories.bootstrap-mode=lazy) did not find property 'bootstrap-mode'; NestedCondition on JpaRepositoriesAutoConfiguration.BootstrapExecutorCondition.DeferredBootstrapMode @ConditionalOnProperty (spring.data.jpa.repositories.bootstrap-mode=deferred) did not find property 'bootstrap-mode' (JpaRepositoriesAutoConfiguration.BootstrapExecutorCondition)

   JsonbAutoConfiguration:
      Did not match:
         - @ConditionalOnClass did not find required class 'jakarta.json.bind.Jsonb' (OnClassCondition)

   JsonbHttpMessageConvertersConfiguration:
      Did not match:
         - @ConditionalOnClass did not find required class 'jakarta.json.bind.Jsonb' (OnClassCondition)

   KafkaAutoConfiguration:
      Did not match:
         - @ConditionalOnClass did not find required class 'org.springframework.kafka.core.KafkaTemplate' (OnClassCondition)

   LdapAutoConfiguration:
      Did not match:
         - @ConditionalOnClass did not find required class 'org.springframework.ldap.core.ContextSource' (OnClassCondition)

   LdapRepositoriesAutoConfiguration:
      Did not match:
         - @ConditionalOnClass did not find required class 'org.springframework.data.ldap.repository.LdapRepository' (OnClassCondition)

   LiquibaseAutoConfiguration:
      Did not match:
         - @ConditionalOnClass did not find required class 'liquibase.change.DatabaseChange' (OnClassCondition)

   MailSenderAutoConfiguration:
      Did not match:
         - @ConditionalOnClass did not find required class 'jakarta.mail.internet.MimeMessage' (OnClassCondition)

   MailSenderValidatorAutoConfiguration:
      Did not match:
         - @ConditionalOnSingleCandidate did not find required type 'org.springframework.mail.javamail.JavaMailSenderImpl' (OnBeanCondition)

   MessageSourceAutoConfiguration:
      Did not match:
         - ResourceBundle did not find bundle with basename messages (MessageSourceAutoConfiguration.ResourceBundleCondition)

   MongoAutoConfiguration:
      Did not match:
         - @ConditionalOnClass did not find required class 'com.mongodb.client.MongoClient' (OnClassCondition)

   MongoDataAutoConfiguration:
      Did not match:
         - @ConditionalOnClass did not find required class 'com.mongodb.client.MongoClient' (OnClassCondition)

   MongoReactiveAutoConfiguration:
      Did not match:
         - @ConditionalOnClass did not find required class 'com.mongodb.reactivestreams.client.MongoClient' (OnClassCondition)

   MongoReactiveDataAutoConfiguration:
      Did not match:
         - @ConditionalOnClass did not find required class 'com.mongodb.reactivestreams.client.MongoClient' (OnClassCondition)

   MongoReactiveRepositoriesAutoConfiguration:
      Did not match:
         - @ConditionalOnClass did not find required class 'com.mongodb.reactivestreams.client.MongoClient' (OnClassCondition)

   MongoRepositoriesAutoConfiguration:
      Did not match:
         - @ConditionalOnClass did not find required class 'com.mongodb.client.MongoClient' (OnClassCondition)

   MultipleOpenApiSupportConfiguration:
      Did not match:
         - AnyNestedCondition 0 matched 2 did not; NestedCondition on MultipleOpenApiSupportCondition.OnActuatorDifferentPort @ConditionalOnProperty (springdoc.show-actuator) did not find property 'springdoc.show-actuator'; NestedCondition on MultipleOpenApiSupportCondition.OnMultipleOpenApiSupportCondition AnyNestedCondition 0 matched 2 did not; NestedCondition on MultipleOpenApiGroupsCondition.OnGroupConfigProperty @ConditionalOnProperty (springdoc.group-configs[0].group) did not find property 'springdoc.group-configs[0].group'; NestedCondition on MultipleOpenApiGroupsCondition.OnGroupedOpenApiBean @ConditionalOnBean (types: org.springdoc.core.models.GroupedOpenApi; SearchStrategy: all) did not find any beans of type org.springdoc.core.models.GroupedOpenApi (MultipleOpenApiSupportCondition)
      Matched:
         - found 'session' scope (OnWebApplicationCondition)
         - @ConditionalOnProperty (springdoc.api-docs.enabled) matched (OnPropertyCondition)

   MultipleOpenApiSupportConfiguration.SpringDocWebMvcActuatorDifferentConfiguration:
      Did not match:
         - @ConditionalOnClass did not find required class 'org.springframework.boot.actuate.endpoint.web.servlet.WebMvcEndpointHandlerMapping' (OnClassCondition)
         - Ancestor org.springdoc.webmvc.core.configuration.MultipleOpenApiSupportConfiguration did not match (ConditionEvaluationReport.AncestorsMatchedCondition)

   MustacheAutoConfiguration:
      Did not match:
         - @ConditionalOnClass did not find required class 'com.samskivert.mustache.Mustache' (OnClassCondition)

   Neo4jAutoConfiguration:
      Did not match:
         - @ConditionalOnClass did not find required class 'org.neo4j.driver.Driver' (OnClassCondition)

   Neo4jDataAutoConfiguration:
      Did not match:
         - @ConditionalOnClass did not find required class 'org.neo4j.driver.Driver' (OnClassCondition)

   Neo4jReactiveDataAutoConfiguration:
      Did not match:
         - @ConditionalOnClass did not find required class 'org.neo4j.driver.Driver' (OnClassCondition)

   Neo4jReactiveRepositoriesAutoConfiguration:
      Did not match:
         - @ConditionalOnClass did not find required class 'org.neo4j.driver.Driver' (OnClassCondition)

   Neo4jRepositoriesAutoConfiguration:
      Did not match:
         - @ConditionalOnClass did not find required class 'org.neo4j.driver.Driver' (OnClassCondition)

   OAuth2AuthorizationServerAutoConfiguration:
      Did not match:
         - @ConditionalOnClass did not find required class 'org.springframework.security.oauth2.server.authorization.OAuth2Authorization' (OnClassCondition)

   OAuth2AuthorizationServerJwtAutoConfiguration:
      Did not match:
         - @ConditionalOnClass did not find required class 'org.springframework.security.oauth2.server.authorization.OAuth2Authorization' (OnClassCondition)

   OAuth2ClientAutoConfiguration:
      Did not match:
         - @ConditionalOnClass did not find required class 'org.springframework.security.oauth2.client.registration.ClientRegistration' (OnClassCondition)

   OAuth2ResourceServerAutoConfiguration:
      Did not match:
         - @ConditionalOnClass did not find required class 'org.springframework.security.oauth2.server.resource.authentication.BearerTokenAuthenticationToken' (OnClassCondition)

   ProjectInfoAutoConfiguration#buildProperties:
      Did not match:
         - @ConditionalOnResource did not find resource '${spring.info.build.location:classpath:META-INF/build-info.properties}' (OnResourceCondition)

   ProjectInfoAutoConfiguration#gitProperties:
      Did not match:
         - GitResource did not find git info at classpath:git.properties (ProjectInfoAutoConfiguration.GitResourceAvailableCondition)

   PulsarAutoConfiguration:
      Did not match:
         - @ConditionalOnClass did not find required class 'org.apache.pulsar.client.api.PulsarClient' (OnClassCondition)

   PulsarReactiveAutoConfiguration:
      Did not match:
         - @ConditionalOnClass did not find required class 'org.apache.pulsar.client.api.PulsarClient' (OnClassCondition)

   QuartzAutoConfiguration:
      Did not match:
         - @ConditionalOnClass did not find required class 'org.quartz.Scheduler' (OnClassCondition)

   R2dbcAutoConfiguration:
      Did not match:
         - @ConditionalOnClass did not find required class 'io.r2dbc.spi.ConnectionFactory' (OnClassCondition)

   R2dbcDataAutoConfiguration:
      Did not match:
         - @ConditionalOnClass did not find required class 'org.springframework.data.r2dbc.core.R2dbcEntityTemplate' (OnClassCondition)

   R2dbcInitializationConfiguration:
      Did not match:
         - @ConditionalOnClass did not find required classes 'io.r2dbc.spi.ConnectionFactory', 'org.springframework.r2dbc.connection.init.DatabasePopulator' (OnClassCondition)

   R2dbcRepositoriesAutoConfiguration:
      Did not match:
         - @ConditionalOnClass did not find required class 'io.r2dbc.spi.ConnectionFactory' (OnClassCondition)

   R2dbcTransactionManagerAutoConfiguration:
      Did not match:
         - @ConditionalOnClass did not find required class 'org.springframework.r2dbc.connection.R2dbcTransactionManager' (OnClassCondition)

   RSocketGraphQlClientAutoConfiguration:
      Did not match:
         - @ConditionalOnClass did not find required class 'graphql.GraphQL' (OnClassCondition)

   RSocketMessagingAutoConfiguration:
      Did not match:
         - @ConditionalOnClass did not find required class 'io.rsocket.RSocket' (OnClassCondition)

   RSocketRequesterAutoConfiguration:
      Did not match:
         - @ConditionalOnClass did not find required class 'io.rsocket.RSocket' (OnClassCondition)

   RSocketSecurityAutoConfiguration:
      Did not match:
         - @ConditionalOnClass did not find required class 'org.springframework.security.rsocket.core.SecuritySocketAcceptorInterceptor' (OnClassCondition)

   RSocketServerAutoConfiguration:
      Did not match:
         - @ConditionalOnClass did not find required class 'io.rsocket.core.RSocketServer' (OnClassCondition)

   RSocketStrategiesAutoConfiguration:
      Did not match:
         - @ConditionalOnClass did not find required class 'io.rsocket.RSocket' (OnClassCondition)

   RabbitAutoConfiguration:
      Did not match:
         - @ConditionalOnClass did not find required class 'com.rabbitmq.client.Channel' (OnClassCondition)

   ReactiveElasticsearchClientAutoConfiguration:
      Did not match:
         - @ConditionalOnClass did not find required class 'co.elastic.clients.transport.ElasticsearchTransport' (OnClassCondition)

   ReactiveElasticsearchRepositoriesAutoConfiguration:
      Did not match:
         - @ConditionalOnClass did not find required class 'org.springframework.data.elasticsearch.client.elc.ReactiveElasticsearchClient' (OnClassCondition)

   ReactiveMultipartAutoConfiguration:
      Did not match:
         - @ConditionalOnClass did not find required class 'org.springframework.web.reactive.config.WebFluxConfigurer' (OnClassCondition)

   ReactiveOAuth2ClientAutoConfiguration:
      Did not match:
         - @ConditionalOnClass did not find required class 'org.springframework.security.oauth2.client.registration.ClientRegistration' (OnClassCondition)

   ReactiveOAuth2ResourceServerAutoConfiguration:
      Did not match:
         - @ConditionalOnWebApplication did not find reactive web application classes (OnWebApplicationCondition)

   ReactiveSecurityAutoConfiguration:
      Did not match:
         - @ConditionalOnClass did not find required class 'org.springframework.web.reactive.config.WebFluxConfigurer' (OnClassCondition)

   ReactiveUserDetailsServiceAutoConfiguration:
      Did not match:
         - AnyNestedCondition 0 matched 2 did not; NestedCondition on ReactiveUserDetailsServiceAutoConfiguration.RSocketEnabledOrReactiveWebApplication.ReactiveWebApplicationCondition did not find reactive web application classes; NestedCondition on ReactiveUserDetailsServiceAutoConfiguration.RSocketEnabledOrReactiveWebApplication.RSocketSecurityEnabledCondition @ConditionalOnBean (types: org.springframework.messaging.rsocket.annotation.support.RSocketMessageHandler; SearchStrategy: all) did not find any beans of type org.springframework.messaging.rsocket.annotation.support.RSocketMessageHandler (ReactiveUserDetailsServiceAutoConfiguration.RSocketEnabledOrReactiveWebApplication)
      Matched:
         - @ConditionalOnClass found required class 'org.springframework.security.authentication.ReactiveAuthenticationManager' (OnClassCondition)
         - AnyNestedCondition 1 matched 2 did not; NestedCondition on ReactiveUserDetailsServiceAutoConfiguration.MissingAlternativeOrUserPropertiesConfigured.PasswordConfigured @ConditionalOnProperty (spring.security.user.password) did not find property 'password'; NestedCondition on ReactiveUserDetailsServiceAutoConfiguration.MissingAlternativeOrUserPropertiesConfigured.NameConfigured @ConditionalOnProperty (spring.security.user.name) did not find property 'name'; NestedCondition on ReactiveUserDetailsServiceAutoConfiguration.MissingAlternativeOrUserPropertiesConfigured.MissingAlternative @ConditionalOnMissingClass did not find unwanted classes 'org.springframework.security.oauth2.client.registration.ClientRegistrationRepository', 'org.springframework.security.oauth2.server.resource.introspection.ReactiveOpaqueTokenIntrospector' (ReactiveUserDetailsServiceAutoConfiguration.MissingAlternativeOrUserPropertiesConfigured)

   ReactiveWebServerFactoryAutoConfiguration:
      Did not match:
         - @ConditionalOnWebApplication did not find reactive web application classes (OnWebApplicationCondition)

   RedisAutoConfiguration:
      Did not match:
         - @ConditionalOnClass did not find required class 'org.springframework.data.redis.core.RedisOperations' (OnClassCondition)

   RedisCacheConfiguration:
      Did not match:
         - @ConditionalOnClass did not find required class 'org.springframework.data.redis.connection.RedisConnectionFactory' (OnClassCondition)

   RedisReactiveAutoConfiguration:
      Did not match:
         - @ConditionalOnClass did not find required class 'org.springframework.data.redis.connection.ReactiveRedisConnectionFactory' (OnClassCondition)

   RedisRepositoriesAutoConfiguration:
      Did not match:
         - @ConditionalOnClass did not find required class 'org.springframework.data.redis.repository.configuration.EnableRedisRepositories' (OnClassCondition)

   RepositoryRestMvcAutoConfiguration:
      Did not match:
         - @ConditionalOnClass did not find required class 'org.springframework.data.rest.webmvc.config.RepositoryRestMvcConfiguration' (OnClassCondition)

   Saml2RelyingPartyAutoConfiguration:
      Did not match:
         - @ConditionalOnClass did not find required class 'org.springframework.security.saml2.provider.service.registration.RelyingPartyRegistrationRepository' (OnClassCondition)

   SecurityDataConfiguration:
      Did not match:
         - @ConditionalOnClass did not find required class 'org.springframework.security.data.repository.query.SecurityEvaluationContextExtension' (OnClassCondition)

   SendGridAutoConfiguration:
      Did not match:
         - @ConditionalOnClass did not find required class 'com.sendgrid.SendGrid' (OnClassCondition)

   ServletWebServerFactoryAutoConfiguration.ForwardedHeaderFilterConfiguration:
      Did not match:
         - @ConditionalOnProperty (server.forward-headers-strategy=framework) did not find property 'server.forward-headers-strategy' (OnPropertyCondition)

   ServletWebServerFactoryConfiguration.EmbeddedJetty:
      Did not match:
         - @ConditionalOnClass did not find required classes 'org.eclipse.jetty.server.Server', 'org.eclipse.jetty.util.Loader', 'org.eclipse.jetty.ee10.webapp.WebAppContext' (OnClassCondition)

   ServletWebServerFactoryConfiguration.EmbeddedUndertow:
      Did not match:
         - @ConditionalOnClass did not find required classes 'io.undertow.Undertow', 'org.xnio.SslClientAuthMode' (OnClassCondition)

   SessionAutoConfiguration:
      Did not match:
         - @ConditionalOnClass did not find required class 'org.springframework.session.Session' (OnClassCondition)

   SpringApplicationAdminJmxAutoConfiguration:
      Did not match:
         - @ConditionalOnProperty (spring.application.admin.enabled=true) did not find property 'enabled' (OnPropertyCondition)

   SpringBootWebSecurityConfiguration.SecurityFilterChainConfiguration:
      Did not match:
         - AllNestedConditions 1 matched 1 did not; NestedCondition on DefaultWebSecurityCondition.Beans @ConditionalOnMissingBean (types: org.springframework.security.web.SecurityFilterChain; SearchStrategy: all) found beans of type 'org.springframework.security.web.SecurityFilterChain' filterChain; NestedCondition on DefaultWebSecurityCondition.Classes @ConditionalOnClass found required classes 'org.springframework.security.web.SecurityFilterChain', 'org.springframework.security.config.annotation.web.builders.HttpSecurity' (DefaultWebSecurityCondition)

   SpringBootWebSecurityConfiguration.WebSecurityEnablerConfiguration:
      Did not match:
         - @ConditionalOnMissingBean (names: springSecurityFilterChain; SearchStrategy: all) found beans named springSecurityFilterChain (OnBeanCondition)
      Matched:
         - @ConditionalOnClass found required class 'org.springframework.security.config.annotation.web.configuration.EnableWebSecurity' (OnClassCondition)

   SpringDocConfiguration#propertiesResolverForSchema:
      Did not match:
         - @ConditionalOnProperty (springdoc.api-docs.resolve-schema-properties) did not find property 'springdoc.api-docs.resolve-schema-properties' (OnPropertyCondition)

   SpringDocConfiguration#propertyCustomizingConverter:
      Did not match:
         - @ConditionalOnBean (types: org.springdoc.core.customizers.PropertyCustomizer; SearchStrategy: all) did not find any beans of type org.springdoc.core.customizers.PropertyCustomizer (OnBeanCondition)

   SpringDocConfiguration#springdocBeanFactoryPostProcessor:
      Did not match:
         - AnyNestedCondition 0 matched 2 did not; NestedCondition on CacheOrGroupedOpenApiCondition.OnCacheDisabled found non-matching nested conditions @ConditionalOnProperty (springdoc.cache.disabled) did not find property 'springdoc.cache.disabled'; NestedCondition on CacheOrGroupedOpenApiCondition.OnMultipleOpenApiSupportCondition AnyNestedCondition 0 matched 2 did not; NestedCondition on MultipleOpenApiSupportCondition.OnActuatorDifferentPort @ConditionalOnProperty (springdoc.show-actuator) did not find property 'springdoc.show-actuator'; NestedCondition on MultipleOpenApiSupportCondition.OnMultipleOpenApiSupportCondition AnyNestedCondition 0 matched 2 did not; NestedCondition on MultipleOpenApiGroupsCondition.OnGroupConfigProperty @ConditionalOnProperty (springdoc.group-configs[0].group) did not find property 'springdoc.group-configs[0].group'; NestedCondition on MultipleOpenApiGroupsCondition.OnGroupedOpenApiBean @ConditionalOnBean (types: org.springdoc.core.models.GroupedOpenApi; SearchStrategy: all) did not find any beans of type org.springdoc.core.models.GroupedOpenApi (CacheOrGroupedOpenApiCondition)
      Matched:
         - @ConditionalOnClass found required class 'org.springframework.boot.context.properties.bind.BindResult' (OnClassCondition)

   SpringDocConfiguration#springdocBeanFactoryPostProcessor2:
      Did not match:
         - @ConditionalOnMissingClass found unwanted class 'org.springframework.boot.context.properties.bind.BindResult' (OnClassCondition)

   SpringDocConfiguration.SpringDocActuatorConfiguration:
      Did not match:
         - @ConditionalOnClass did not find required class 'org.springframework.boot.actuate.autoconfigure.endpoint.web.WebEndpointProperties' (OnClassCondition)

   SpringDocConfiguration.SpringDocRepositoryRestConfiguration:
      Did not match:
         - @ConditionalOnClass did not find required class 'org.springframework.data.rest.core.config.RepositoryRestConfiguration' (OnClassCondition)

   SpringDocDataRestConfiguration:
      Did not match:
         - @ConditionalOnClass did not find required class 'org.springframework.data.rest.core.config.RepositoryRestConfiguration' (OnClassCondition)

   SpringDocFunctionCatalogConfiguration:
      Did not match:
         - @ConditionalOnClass did not find required class 'org.springframework.cloud.function.web.function.FunctionEndpointInitializer' (OnClassCondition)

   SpringDocGroovyConfiguration:
      Did not match:
         - @ConditionalOnClass did not find required class 'groovy.lang.MetaClass' (OnClassCondition)

   SpringDocHateoasConfiguration:
      Did not match:
         - @ConditionalOnClass did not find required class 'org.springframework.hateoas.server.LinkRelationProvider' (OnClassCondition)

   SpringDocJacksonKotlinModuleConfiguration:
      Did not match:
         - @ConditionalOnClass did not find required class 'com.fasterxml.jackson.module.kotlin.KotlinModule' (OnClassCondition)

   SpringDocJavadocConfiguration:
      Did not match:
         - @ConditionalOnClass did not find required class 'com.github.therapi.runtimejavadoc.CommentFormatter' (OnClassCondition)

   SpringDocKotlinConfiguration:
      Did not match:
         - @ConditionalOnClass did not find required class 'kotlin.coroutines.Continuation' (OnClassCondition)

   SpringDocKotlinxConfiguration:
      Did not match:
         - @ConditionalOnClass did not find required class 'kotlinx.coroutines.flow.Flow' (OnClassCondition)

   SpringDocSecurityConfiguration.SpringDocSecurityOAuth2Configuration:
      Did not match:
         - @ConditionalOnClass did not find required class 'org.springframework.security.oauth2.server.authorization.OAuth2AuthorizationService' (OnClassCondition)

   SpringDocSecurityConfiguration.SpringSecurityLoginEndpointConfiguration#springSecurityLoginEndpointCustomiser:
      Did not match:
         - @ConditionalOnProperty (springdoc.show-login-endpoint) did not find property 'springdoc.show-login-endpoint' (OnPropertyCondition)

   SpringDocSortConfiguration#delegatingMethodParameterCustomizer:
      Did not match:
         - @ConditionalOnMissingBean (types: org.springdoc.core.customizers.DelegatingMethodParameterCustomizer; SearchStrategy: all) found beans of type 'org.springdoc.core.customizers.DelegatingMethodParameterCustomizer' delegatingMethodParameterCustomizer (OnBeanCondition)

   SpringDocWebMvcConfiguration.SpringDocWebMvcActuatorConfiguration:
      Did not match:
         - @ConditionalOnClass did not find required class 'org.springframework.boot.actuate.endpoint.web.servlet.WebMvcEndpointHandlerMapping' (OnClassCondition)

   SwaggerConfig#springWebProvider:
      Did not match:
         - @ConditionalOnMissingBean (types: org.springdoc.core.providers.SpringWebProvider; SearchStrategy: all) found beans of type 'org.springdoc.core.providers.SpringWebProvider' springWebProvider (OnBeanCondition)

   SwaggerConfig#swaggerUiConfigParameters:
      Did not match:
         - @ConditionalOnMissingBean (types: org.springdoc.core.properties.SwaggerUiConfigParameters; SearchStrategy: all) found beans of type 'org.springdoc.core.properties.SwaggerUiConfigParameters' org.springdoc.core.properties.SwaggerUiConfigParameters (OnBeanCondition)

   SwaggerConfig#swaggerUiHome:
      Did not match:
         - @ConditionalOnProperty (springdoc.swagger-ui.use-root-path=true) did not find property 'springdoc.swagger-ui.use-root-path' (OnPropertyCondition)

   SwaggerConfig.SwaggerActuatorWelcomeConfiguration:
      Did not match:
         - @ConditionalOnClass did not find required class 'org.springframework.boot.actuate.endpoint.web.servlet.WebMvcEndpointHandlerMapping' (OnClassCondition)

   TaskExecutorConfigurations.SimpleAsyncTaskExecutorBuilderConfiguration#simpleAsyncTaskExecutorBuilderVirtualThreads:
      Did not match:
         - @ConditionalOnMissingBean (types: org.springframework.boot.task.SimpleAsyncTaskExecutorBuilder; SearchStrategy: all) found beans of type 'org.springframework.boot.task.SimpleAsyncTaskExecutorBuilder' simpleAsyncTaskExecutorBuilder (OnBeanCondition)

   TaskExecutorConfigurations.TaskExecutorConfiguration#applicationTaskExecutorVirtualThreads:
      Did not match:
         - @ConditionalOnThreading did not find VIRTUAL (OnThreadingCondition)

   TaskSchedulingAutoConfiguration#scheduledBeanLazyInitializationExcludeFilter:
      Did not match:
         - @ConditionalOnBean (names: org.springframework.context.annotation.internalScheduledAnnotationProcessor; SearchStrategy: all) did not find any beans named org.springframework.context.annotation.internalScheduledAnnotationProcessor (OnBeanCondition)

   TaskSchedulingConfigurations.SimpleAsyncTaskSchedulerBuilderConfiguration#simpleAsyncTaskSchedulerBuilderVirtualThreads:
      Did not match:
         - @ConditionalOnMissingBean (types: org.springframework.boot.task.SimpleAsyncTaskSchedulerBuilder; SearchStrategy: all) found beans of type 'org.springframework.boot.task.SimpleAsyncTaskSchedulerBuilder' simpleAsyncTaskSchedulerBuilder (OnBeanCondition)

   TaskSchedulingConfigurations.TaskSchedulerConfiguration:
      Did not match:
         - @ConditionalOnBean (names: org.springframework.context.annotation.internalScheduledAnnotationProcessor; SearchStrategy: all) did not find any beans named org.springframework.context.annotation.internalScheduledAnnotationProcessor (OnBeanCondition)

   ThymeleafAutoConfiguration:
      Did not match:
         - @ConditionalOnClass did not find required class 'org.thymeleaf.spring6.SpringTemplateEngine' (OnClassCondition)

   TransactionAutoConfiguration#transactionalOperator:
      Did not match:
         - @ConditionalOnSingleCandidate (types: org.springframework.transaction.ReactiveTransactionManager; SearchStrategy: all) did not find any beans (OnBeanCondition)

   TransactionAutoConfiguration.AspectJTransactionManagementConfiguration:
      Did not match:
         - @ConditionalOnBean (types: org.springframework.transaction.aspectj.AbstractTransactionAspect; SearchStrategy: all) did not find any beans of type org.springframework.transaction.aspectj.AbstractTransactionAspect (OnBeanCondition)

   TransactionAutoConfiguration.EnableTransactionManagementConfiguration.JdkDynamicAutoProxyConfiguration:
      Did not match:
         - @ConditionalOnProperty (spring.aop.proxy-target-class=false) did not find property 'proxy-target-class' (OnPropertyCondition)

   ValidationAutoConfiguration:
      Did not match:
         - @ConditionalOnResource did not find resource 'classpath:META-INF/services/jakarta.validation.spi.ValidationProvider' (OnResourceCondition)
      Matched:
         - @ConditionalOnClass found required class 'jakarta.validation.executable.ExecutableValidator' (OnClassCondition)

   WebClientAutoConfiguration:
      Did not match:
         - @ConditionalOnClass did not find required class 'org.springframework.web.reactive.function.client.WebClient' (OnClassCondition)

   WebFluxAutoConfiguration:
      Did not match:
         - @ConditionalOnClass did not find required class 'org.springframework.web.reactive.config.WebFluxConfigurer' (OnClassCondition)

   WebMvcAutoConfiguration#hiddenHttpMethodFilter:
      Did not match:
         - @ConditionalOnProperty (spring.mvc.hiddenmethod.filter.enabled) did not find property 'enabled' (OnPropertyCondition)

   WebMvcAutoConfiguration.ProblemDetailsErrorHandlingConfiguration:
      Did not match:
         - @ConditionalOnProperty (spring.mvc.problemdetails.enabled=true) did not find property 'enabled' (OnPropertyCondition)

   WebMvcAutoConfiguration.ResourceChainCustomizerConfiguration:
      Did not match:
         - @ConditionalOnEnabledResourceChain did not find class org.webjars.WebJarAssetLocator (OnEnabledResourceChainCondition)

   WebMvcAutoConfiguration.WebMvcAutoConfigurationAdapter#beanNameViewResolver:
      Did not match:
         - @ConditionalOnMissingBean (types: org.springframework.web.servlet.view.BeanNameViewResolver; SearchStrategy: all) found beans of type 'org.springframework.web.servlet.view.BeanNameViewResolver' beanNameViewResolver (OnBeanCondition)

   WebServiceTemplateAutoConfiguration:
      Did not match:
         - @ConditionalOnClass did not find required class 'org.springframework.oxm.Marshaller' (OnClassCondition)

   WebServicesAutoConfiguration:
      Did not match:
         - @ConditionalOnClass did not find required class 'org.springframework.ws.transport.http.MessageDispatcherServlet' (OnClassCondition)

   WebSessionIdResolverAutoConfiguration:
      Did not match:
         - @ConditionalOnWebApplication did not find reactive web application classes (OnWebApplicationCondition)

   WebSocketMessagingAutoConfiguration:
      Did not match:
         - @ConditionalOnClass did not find required class 'org.springframework.web.socket.config.annotation.WebSocketMessageBrokerConfigurer' (OnClassCondition)

   WebSocketReactiveAutoConfiguration:
      Did not match:
         - @ConditionalOnWebApplication did not find reactive web application classes (OnWebApplicationCondition)

   WebSocketServletAutoConfiguration.JettyWebSocketConfiguration:
      Did not match:
         - @ConditionalOnClass did not find required class 'org.eclipse.jetty.ee10.websocket.jakarta.server.config.JakartaWebSocketServletContainerInitializer' (OnClassCondition)

   WebSocketServletAutoConfiguration.UndertowWebSocketConfiguration:
      Did not match:
         - @ConditionalOnClass did not find required class 'io.undertow.websockets.jsr.Bootstrap' (OnClassCondition)

   XADataSourceAutoConfiguration:
      Did not match:
         - @ConditionalOnBean (types: org.springframework.boot.jdbc.XADataSourceWrapper; SearchStrategy: all) did not find any beans of type org.springframework.boot.jdbc.XADataSourceWrapper (OnBeanCondition)
      Matched:
         - @ConditionalOnClass found required classes 'javax.sql.DataSource', 'jakarta.transaction.TransactionManager', 'org.springframework.jdbc.datasource.embedded.EmbeddedDatabaseType' (OnClassCondition)


Exclusions:
-----------

    None


Unconditional classes:
----------------------

    org.springframework.boot.autoconfigure.context.ConfigurationPropertiesAutoConfiguration

    org.springframework.boot.autoconfigure.ssl.SslAutoConfiguration

    org.springframework.boot.autoconfigure.context.PropertyPlaceholderAutoConfiguration

    org.springframework.boot.autoconfigure.context.LifecycleAutoConfiguration

    org.springframework.boot.autoconfigure.availability.ApplicationAvailabilityAutoConfiguration

    org.springframework.boot.autoconfigure.info.ProjectInfoAutoConfiguration



2025-12-21T17:33:48.624+01:00 ERROR 33744 --- [demo] [main] o.s.boot.SpringApplication               : Application run failed

org.springframework.context.ApplicationContextException: Unable to start web server
	at org.springframework.boot.web.servlet.context.ServletWebServerApplicationContext.onRefresh(ServletWebServerApplicationContext.java:165) ~[spring-boot-3.3.4.jar:3.3.4]
	at org.springframework.context.support.AbstractApplicationContext.refresh(AbstractApplicationContext.java:619) ~[spring-context-6.1.13.jar:6.1.13]
	at org.springframework.boot.web.servlet.context.ServletWebServerApplicationContext.refresh(ServletWebServerApplicationContext.java:146) ~[spring-boot-3.3.4.jar:3.3.4]
	at org.springframework.boot.SpringApplication.refresh(SpringApplication.java:754) ~[spring-boot-3.3.4.jar:3.3.4]
	at org.springframework.boot.SpringApplication.refreshContext(SpringApplication.java:456) ~[spring-boot-3.3.4.jar:3.3.4]
	at org.springframework.boot.SpringApplication.run(SpringApplication.java:335) ~[spring-boot-3.3.4.jar:3.3.4]
	at org.springframework.boot.SpringApplication.run(SpringApplication.java:1363) ~[spring-boot-3.3.4.jar:3.3.4]
	at org.springframework.boot.SpringApplication.run(SpringApplication.java:1352) ~[spring-boot-3.3.4.jar:3.3.4]
	at be.vinci.ipl.cae.demo.DemoApplication.main(DemoApplication.java:24) ~[classes/:na]
Caused by: org.springframework.boot.web.server.WebServerException: Unable to start embedded Tomcat
	at org.springframework.boot.web.embedded.tomcat.TomcatWebServer.initialize(TomcatWebServer.java:147) ~[spring-boot-3.3.4.jar:3.3.4]
	at org.springframework.boot.web.embedded.tomcat.TomcatWebServer.<init>(TomcatWebServer.java:107) ~[spring-boot-3.3.4.jar:3.3.4]
	at org.springframework.boot.web.embedded.tomcat.TomcatServletWebServerFactory.getTomcatWebServer(TomcatServletWebServerFactory.java:516) ~[spring-boot-3.3.4.jar:3.3.4]
	at org.springframework.boot.web.embedded.tomcat.TomcatServletWebServerFactory.getWebServer(TomcatServletWebServerFactory.java:222) ~[spring-boot-3.3.4.jar:3.3.4]
	at org.springframework.boot.web.servlet.context.ServletWebServerApplicationContext.createWebServer(ServletWebServerApplicationContext.java:188) ~[spring-boot-3.3.4.jar:3.3.4]
	at org.springframework.boot.web.servlet.context.ServletWebServerApplicationContext.onRefresh(ServletWebServerApplicationContext.java:162) ~[spring-boot-3.3.4.jar:3.3.4]
	... 8 common frames omitted
Caused by: org.springframework.beans.factory.UnsatisfiedDependencyException: Error creating bean with name 'jwtAuthenticationFilter' defined in file [C:\Users\Moham\Desktop\cae-group-03-main\api\target\classes\be\vinci\ipl\cae\demo\configuration\JwtAuthenticationFilter.class]: Unsatisfied dependency expressed through constructor parameter 0: Error creating bean with name 'userService': Injection of autowired dependencies failed
	at org.springframework.beans.factory.support.ConstructorResolver.createArgumentArray(ConstructorResolver.java:795) ~[spring-beans-6.1.13.jar:6.1.13]
	at org.springframework.beans.factory.support.ConstructorResolver.autowireConstructor(ConstructorResolver.java:237) ~[spring-beans-6.1.13.jar:6.1.13]
	at org.springframework.beans.factory.support.AbstractAutowireCapableBeanFactory.autowireConstructor(AbstractAutowireCapableBeanFactory.java:1375) ~[spring-beans-6.1.13.jar:6.1.13]
	at org.springframework.beans.factory.support.AbstractAutowireCapableBeanFactory.createBeanInstance(AbstractAutowireCapableBeanFactory.java:1212) ~[spring-beans-6.1.13.jar:6.1.13]
	at org.springframework.beans.factory.support.AbstractAutowireCapableBeanFactory.doCreateBean(AbstractAutowireCapableBeanFactory.java:562) ~[spring-beans-6.1.13.jar:6.1.13]
	at org.springframework.beans.factory.support.AbstractAutowireCapableBeanFactory.createBean(AbstractAutowireCapableBeanFactory.java:522) ~[spring-beans-6.1.13.jar:6.1.13]
	at org.springframework.beans.factory.support.AbstractBeanFactory.lambda$doGetBean$0(AbstractBeanFactory.java:337) ~[spring-beans-6.1.13.jar:6.1.13]
	at org.springframework.beans.factory.support.DefaultSingletonBeanRegistry.getSingleton(DefaultSingletonBeanRegistry.java:234) ~[spring-beans-6.1.13.jar:6.1.13]
	at org.springframework.beans.factory.support.AbstractBeanFactory.doGetBean(AbstractBeanFactory.java:335) ~[spring-beans-6.1.13.jar:6.1.13]
	at org.springframework.beans.factory.support.AbstractBeanFactory.getBean(AbstractBeanFactory.java:205) ~[spring-beans-6.1.13.jar:6.1.13]
	at org.springframework.boot.web.servlet.ServletContextInitializerBeans.getOrderedBeansOfType(ServletContextInitializerBeans.java:211) ~[spring-boot-3.3.4.jar:3.3.4]
	at org.springframework.boot.web.servlet.ServletContextInitializerBeans.addAsRegistrationBean(ServletContextInitializerBeans.java:174) ~[spring-boot-3.3.4.jar:3.3.4]
	at org.springframework.boot.web.servlet.ServletContextInitializerBeans.addAsRegistrationBean(ServletContextInitializerBeans.java:169) ~[spring-boot-3.3.4.jar:3.3.4]
	at org.springframework.boot.web.servlet.ServletContextInitializerBeans.addAdaptableBeans(ServletContextInitializerBeans.java:154) ~[spring-boot-3.3.4.jar:3.3.4]
	at org.springframework.boot.web.servlet.ServletContextInitializerBeans.<init>(ServletContextInitializerBeans.java:87) ~[spring-boot-3.3.4.jar:3.3.4]
	at org.springframework.boot.web.servlet.context.ServletWebServerApplicationContext.getServletContextInitializerBeans(ServletWebServerApplicationContext.java:266) ~[spring-boot-3.3.4.jar:3.3.4]
	at org.springframework.boot.web.servlet.context.ServletWebServerApplicationContext.selfInitialize(ServletWebServerApplicationContext.java:240) ~[spring-boot-3.3.4.jar:3.3.4]
	at org.springframework.boot.web.embedded.tomcat.TomcatStarter.onStartup(TomcatStarter.java:52) ~[spring-boot-3.3.4.jar:3.3.4]
	at org.apache.catalina.core.StandardContext.startInternal(StandardContext.java:4412) ~[tomcat-embed-core-10.1.30.jar:10.1.30]
	at org.apache.catalina.util.LifecycleBase.start(LifecycleBase.java:164) ~[tomcat-embed-core-10.1.30.jar:10.1.30]
	at org.apache.catalina.core.ContainerBase$StartChild.call(ContainerBase.java:1203) ~[tomcat-embed-core-10.1.30.jar:10.1.30]
	at org.apache.catalina.core.ContainerBase$StartChild.call(ContainerBase.java:1193) ~[tomcat-embed-core-10.1.30.jar:10.1.30]
	at java.base/java.util.concurrent.FutureTask.run(FutureTask.java:317) ~[na:na]
	at org.apache.tomcat.util.threads.InlineExecutorService.execute(InlineExecutorService.java:75) ~[tomcat-embed-core-10.1.30.jar:10.1.30]
	at java.base/java.util.concurrent.AbstractExecutorService.submit(AbstractExecutorService.java:145) ~[na:na]
	at org.apache.catalina.core.ContainerBase.startInternal(ContainerBase.java:749) ~[tomcat-embed-core-10.1.30.jar:10.1.30]
	at org.apache.catalina.core.StandardHost.startInternal(StandardHost.java:772) ~[tomcat-embed-core-10.1.30.jar:10.1.30]
	at org.apache.catalina.util.LifecycleBase.start(LifecycleBase.java:164) ~[tomcat-embed-core-10.1.30.jar:10.1.30]
	at org.apache.catalina.core.ContainerBase$StartChild.call(ContainerBase.java:1203) ~[tomcat-embed-core-10.1.30.jar:10.1.30]
	at org.apache.catalina.core.ContainerBase$StartChild.call(ContainerBase.java:1193) ~[tomcat-embed-core-10.1.30.jar:10.1.30]
	at java.base/java.util.concurrent.FutureTask.run(FutureTask.java:317) ~[na:na]
	at org.apache.tomcat.util.threads.InlineExecutorService.execute(InlineExecutorService.java:75) ~[tomcat-embed-core-10.1.30.jar:10.1.30]
	at java.base/java.util.concurrent.AbstractExecutorService.submit(AbstractExecutorService.java:145) ~[na:na]
	at org.apache.catalina.core.ContainerBase.startInternal(ContainerBase.java:749) ~[tomcat-embed-core-10.1.30.jar:10.1.30]
	at org.apache.catalina.core.StandardEngine.startInternal(StandardEngine.java:203) ~[tomcat-embed-core-10.1.30.jar:10.1.30]
	at org.apache.catalina.util.LifecycleBase.start(LifecycleBase.java:164) ~[tomcat-embed-core-10.1.30.jar:10.1.30]
	at org.apache.catalina.core.StandardService.startInternal(StandardService.java:415) ~[tomcat-embed-core-10.1.30.jar:10.1.30]
	at org.apache.catalina.util.LifecycleBase.start(LifecycleBase.java:164) ~[tomcat-embed-core-10.1.30.jar:10.1.30]
	at org.apache.catalina.core.StandardServer.startInternal(StandardServer.java:870) ~[tomcat-embed-core-10.1.30.jar:10.1.30]
	at org.apache.catalina.util.LifecycleBase.start(LifecycleBase.java:164) ~[tomcat-embed-core-10.1.30.jar:10.1.30]
	at org.apache.catalina.startup.Tomcat.start(Tomcat.java:437) ~[tomcat-embed-core-10.1.30.jar:10.1.30]
	at org.springframework.boot.web.embedded.tomcat.TomcatWebServer.initialize(TomcatWebServer.java:128) ~[spring-boot-3.3.4.jar:3.3.4]
	... 13 common frames omitted
Caused by: org.springframework.beans.factory.BeanCreationException: Error creating bean with name 'userService': Injection of autowired dependencies failed
	at org.springframework.beans.factory.annotation.AutowiredAnnotationBeanPostProcessor.postProcessProperties(AutowiredAnnotationBeanPostProcessor.java:515) ~[spring-beans-6.1.13.jar:6.1.13]
	at org.springframework.beans.factory.support.AbstractAutowireCapableBeanFactory.populateBean(AbstractAutowireCapableBeanFactory.java:1439) ~[spring-beans-6.1.13.jar:6.1.13]
	at org.springframework.beans.factory.support.AbstractAutowireCapableBeanFactory.doCreateBean(AbstractAutowireCapableBeanFactory.java:599) ~[spring-beans-6.1.13.jar:6.1.13]
	at org.springframework.beans.factory.support.AbstractAutowireCapableBeanFactory.createBean(AbstractAutowireCapableBeanFactory.java:522) ~[spring-beans-6.1.13.jar:6.1.13]
	at org.springframework.beans.factory.support.AbstractBeanFactory.lambda$doGetBean$0(AbstractBeanFactory.java:337) ~[spring-beans-6.1.13.jar:6.1.13]
	at org.springframework.beans.factory.support.DefaultSingletonBeanRegistry.getSingleton(DefaultSingletonBeanRegistry.java:234) ~[spring-beans-6.1.13.jar:6.1.13]
	at org.springframework.beans.factory.support.AbstractBeanFactory.doGetBean(AbstractBeanFactory.java:335) ~[spring-beans-6.1.13.jar:6.1.13]
	at org.springframework.beans.factory.support.AbstractBeanFactory.getBean(AbstractBeanFactory.java:200) ~[spring-beans-6.1.13.jar:6.1.13]
	at org.springframework.beans.factory.config.DependencyDescriptor.resolveCandidate(DependencyDescriptor.java:254) ~[spring-beans-6.1.13.jar:6.1.13]
	at org.springframework.beans.factory.support.DefaultListableBeanFactory.doResolveDependency(DefaultListableBeanFactory.java:1443) ~[spring-beans-6.1.13.jar:6.1.13]
	at org.springframework.beans.factory.support.DefaultListableBeanFactory.resolveDependency(DefaultListableBeanFactory.java:1353) ~[spring-beans-6.1.13.jar:6.1.13]
	at org.springframework.beans.factory.support.ConstructorResolver.resolveAutowiredArgument(ConstructorResolver.java:904) ~[spring-beans-6.1.13.jar:6.1.13]
	at org.springframework.beans.factory.support.ConstructorResolver.createArgumentArray(ConstructorResolver.java:782) ~[spring-beans-6.1.13.jar:6.1.13]
	... 54 common frames omitted
Caused by: java.lang.IllegalArgumentException: Could not resolve placeholder 'SECRET_JWT' in value "${SECRET_JWT}"
	at org.springframework.util.PropertyPlaceholderHelper.parseStringValue(PropertyPlaceholderHelper.java:180) ~[spring-core-6.1.13.jar:6.1.13]
	at org.springframework.util.PropertyPlaceholderHelper.replacePlaceholders(PropertyPlaceholderHelper.java:126) ~[spring-core-6.1.13.jar:6.1.13]
	at org.springframework.core.env.AbstractPropertyResolver.doResolvePlaceholders(AbstractPropertyResolver.java:239) ~[spring-core-6.1.13.jar:6.1.13]
	at org.springframework.core.env.AbstractPropertyResolver.resolveRequiredPlaceholders(AbstractPropertyResolver.java:210) ~[spring-core-6.1.13.jar:6.1.13]
	at org.springframework.context.support.PropertySourcesPlaceholderConfigurer.lambda$processProperties$0(PropertySourcesPlaceholderConfigurer.java:200) ~[spring-context-6.1.13.jar:6.1.13]
	at org.springframework.beans.factory.support.AbstractBeanFactory.resolveEmbeddedValue(AbstractBeanFactory.java:964) ~[spring-beans-6.1.13.jar:6.1.13]
	at org.springframework.beans.factory.support.DefaultListableBeanFactory.doResolveDependency(DefaultListableBeanFactory.java:1374) ~[spring-beans-6.1.13.jar:6.1.13]
	at org.springframework.beans.factory.support.DefaultListableBeanFactory.resolveDependency(DefaultListableBeanFactory.java:1353) ~[spring-beans-6.1.13.jar:6.1.13]
	at org.springframework.beans.factory.annotation.AutowiredAnnotationBeanPostProcessor$AutowiredFieldElement.resolveFieldValue(AutowiredAnnotationBeanPostProcessor.java:785) ~[spring-beans-6.1.13.jar:6.1.13]
	at org.springframework.beans.factory.annotation.AutowiredAnnotationBeanPostProcessor$AutowiredFieldElement.inject(AutowiredAnnotationBeanPostProcessor.java:768) ~[spring-beans-6.1.13.jar:6.1.13]
	at org.springframework.beans.factory.annotation.InjectionMetadata.inject(InjectionMetadata.java:145) ~[spring-beans-6.1.13.jar:6.1.13]
	at org.springframework.beans.factory.annotation.AutowiredAnnotationBeanPostProcessor.postProcessProperties(AutowiredAnnotationBeanPostProcessor.java:509) ~[spring-beans-6.1.13.jar:6.1.13]
	... 66 common frames omitted

